Country_code_9_digit,Country_code,Country_name,Characteristic,Characteristic_category,NATden_girls_13,NATden_boys_13,NATden_all_13,KS4_LEVEL2_girls_13,KS4_LEVEL2_boys_13,KS4_LEVEL2_all_13,KS4_LEVEL2_EM_girls_13,KS4_LEVEL2_EM_boys_13,KS4_LEVEL2_EM_all_13,KS4_LEVEL1_girls_13,KS4_LEVEL1_boys_13,KS4_LEVEL1_all_13,KS4_LEVEL1_EM_girls_13,KS4_LEVEL1_EM_boys_13,KS4_LEVEL1_EM_all_13,KS4_L2BASICS_girls_13,KS4_L2BASICS_boys_13,KS4_L2BASICS_all_13,KS4_LEVEL2MFL_girls_13,KS4_LEVEL2MFL_boys_13,KS4_LEVEL2MFL_all_13,KS4_GLEVEL2EM_girls_13,KS4_GLEVEL2EM_boys_13,KS4_GLEVEL2EM_all_13,KS4_EBACC_E_girls_13,KS4_EBACC_E_boys_13,KS4_EBACC_E_all_13,KS4_EBACC_girls_13,KS4_EBACC_boys_13,KS4_EBACC_all_13,NATden_PROGENG_girls_13,NATden_PROGENG_boys_13,NATden_PROGENG_all_13,KS4_PROGENG_girls_13,KS4_PROGENG_boys_13,KS4_PROGENG_all_13,NATden_PROGMAT_girls_13,NATden_PROGMAT_boys_13,NATden_PROGMAT_all_13,KS4_PROGMAT_girls_13,KS4_PROGMAT_boys_13,KS4_PROGMAT_all_13,NATden_girls_FSM_13,NATden_boys_FSM_13,NATden_all_FSM_13,KS4_LEVEL2_girls_FSM_13,KS4_LEVEL2_boys_FSM_13,KS4_LEVEL2_all_FSM_13,KS4_LEVEL2_EM_girls_FSM_13,KS4_LEVEL2_EM_boys_FSM_13,KS4_LEVEL2_EM_all_FSM_13,KS4_LEVEL1_girls_FSM_13,KS4_LEVEL1_boys_FSM_13,KS4_LEVEL1_all_FSM_13,KS4_LEVEL1_EM_girls_FSM_13,KS4_LEVEL1_EM_boys_FSM_13,KS4_LEVEL1_EM_all_FSM_13,KS4_L2BASICS_girls_FSM_13,KS4_L2BASICS_boys_FSM_13,KS4_L2BASICS_all_FSM_13,KS4_EBACC_E_girls_FSM_13,KS4_EBACC_E_boys_FSM_13,KS4_EBACC_E_all_FSM_13,KS4_EBACC_girls_FSM_13,KS4_EBACC_boys_FSM_13,KS4_EBACC_all_FSM_13,NATden_PROGENG_girls_FSM_13,NATden_PROGENG_boys_FSM_13,NATden_PROGENG_all_FSM_13,KS4_PROGENG_girls_FSM_13,KS4_PROGENG_boys_FSM_13,KS4_PROGENG_all_FSM_13,NATden_PROGMAT_girls_FSM_13,NATden_PROGMAT_boys_FSM_13,NATden_PROGMAT_all_FSM_13,KS4_PROGMAT_girls_FSM_13,KS4_PROGMAT_boys_FSM_13,KS4_PROGMAT_all_FSM_13,NATden_girls_allother_13,NATden_boys_allother_13,NATden_all_allother_13,KS4_LEVEL2_girls_allother_13,KS4_LEVEL2_boys_allother_13,KS4_LEVEL2_all_allother_13,KS4_LEVEL2_EM_girls_allother_13,KS4_LEVEL2_EM_boys_allother_13,KS4_LEVEL2_EM_all_allother_13,KS4_LEVEL1_girls_allother_13,KS4_LEVEL1_boys_allother_13,KS4_LEVEL1_all_allother_13,KS4_LEVEL1_EM_girls_allother_13,KS4_LEVEL1_EM_boys_allother_13,KS4_LEVEL1_EM_all_allother_13,KS4_L2BASICS_girls_allother_13,KS4_L2BASICS_boys_allother_13,KS4_L2BASICS_all_allother_13,KS4_EBACC_E_girls_allother_13,KS4_EBACC_E_boys_allother_13,KS4_EBACC_E_all_allother_13,KS4_EBACC_girls_allother_13,KS4_EBACC_boys_allother_13,KS4_EBACC_all_allother_13,NATden_PROGENG_girls_allother_13,NATden_PROGENG_boys_allother_13,NATden_PROGENG_all_allother_13,KS4_PROGENG_girls_allother_13,KS4_PROGENG_boys_allother_13,KS4_PROGENG_all_allother_13,NATden_PROGMAT_girls_allother_13,NATden_PROGMAT_boys_allother_13,NATden_PROGMAT_all_allother_13,KS4_PROGMAT_girls_allother_13,KS4_PROGMAT_boys_allother_13,KS4_PROGMAT_all_allother_13
E92000001,921,England,,,280326,291008,571334,242342,231507,473849,184209,161896,346105,271622,275968,547590,267399,270602,538001,185816,164479,350295,115356,80316,195672,166816,139434,306250,111039,91533,202572,77010,53133,130143,272859,281024,553883,209145,180645,389790,273036,282937,555973,199601,193650,393251,41852,43330,85182,31008,28051,59059,17781,14503,32284,38471,37661,76132,36966,36037,73003,18068,14916,32984,8877,6650,15527,4738,2770,7508,40245,41315,81560,24569,19794,44363,40339,41615,81954,21651,20525,42176,238474,247678,486152,211334,203456,414790,166428,147393,313821,233151,238307,471458,230433,234565,464998,167748,149563,317311,102162,84883,187045,72272,50363,122635,232614,239709,472323,184576,160851,345427,232697,241322,474019,177950,173125,351075
E92000001,921,England,ETHNICGROUP_MAJOR,White,225777,234813,460590,194415,185686,380101,147647,129704,277351,218438,222302,440740,215142,218115,433257,148996,131793,280789,88658,61405,150063,133022,111511,244533,87337,72721,160058,60355,41820,102175,221792,229382,451174,167460,144167,311627,221609,230273,451882,159231,154466,313697,28636,29790,58426,20190,18010,38200,10632,8445,19077,25823,25138,50961,24674,23910,48584,10851,8724,19575,4709,3582,8291,2259,1288,3547,27961,28882,56843,15320,11948,27268,27997,29002,56999,13181,12420,25601,197141,205023,402164,174225,167676,341901,137015,121259,258274,192615,197164,389779,190468,194205,384673,138145,123069,261214,82628,69139,151767,58096,40532,98628,193831,200500,394331,152140,132219,284359,193612,201271,394883,146050,142046,288096
E92000001,921,England,ETHNICGROUP_MINOR,White British,214875,223594,438469,185458,177104,362562,141191,124043,265234,208185,211943,420128,205212,208108,413320,142478,126038,268516,82174,55933,138107,127078,106531,233609,83052,68945,151997,57240,39437,96677,212955,220422,433377,160538,137998,298536,212542,220928,433470,152395,147688,300083,26923,27977,54900,18976,16857,35833,9907,7804,17711,24340,23612,47952,23280,22465,45745,10115,8068,18183,4252,3239,7491,1971,1130,3101,26484,27319,53803,14395,11072,25467,26461,27408,53869,12300,11551,23851,187952,195617,383569,166482,160247,326729,131284,116239,247523,183845,188331,372176,181932,185643,367575,132363,117970,250333,78800,65706,144506,55269,38307,93576,186471,193103,379574,146143,126926,273069,186081,193520,379601,140095,136137,276232
E92000001,921,England,ETHNICGROUP_MINOR,Irish,881,1018,1899,768,827,1595,648,659,1307,859,967,1826,850,958,1808,657,668,1325,458,356,814,614,597,1211,470,428,898,362,285,647,856,981,1837,695,699,1394,850,982,1832,678,729,1407,120,168,288,82,104,186,46,65,111,109,142,251,104,140,244,48,68,116,23,26,49,12,11,23,116,155,271,68,82,150,115,157,272,60,88,148,761,850,1611,686,723,1409,602,594,1196,750,825,1575,746,818,1564,609,600,1209,447,402,849,350,274,624,740,826,1566,627,617,1244,735,825,1560,618,641,1259
E92000001,921,England,ETHNICGROUP_MINOR,Traveller of Irish Heritage,68,69,137,34,20,54,15,9,24,48,40,88,43,35,78,15,11,26,x,x,8,11,7,18,5,3,8,x,x,3,66,69,135,25,18,43,66,68,134,20,16,36,43,42,85,17,11,28,6,5,11,27,23,50,24,20,44,6,5,11,x,x,4,x,x,x,41,42,83,13,9,22,42,41,83,9,9,18,25,27,52,17,9,26,9,4,13,21,17,38,19,15,34,9,6,15,x,x,4,x,x,x,25,27,52,12,9,21,24,27,51,11,7,18
E92000001,921,England,ETHNICGROUP_MINOR,Gypsy / Roma,432,388,820,195,148,343,68,45,113,294,242,536,231,204,435,69,46,115,x,x,44,44,28,72,27,16,43,x,x,16,357,308,665,111,79,190,391,323,714,95,62,157,201,191,392,76,63,139,17,19,36,121,108,229,88,86,174,17,19,36,x,x,11,x,x,x,168,154,322,33,36,69,186,161,347,27,27,54,231,197,428,119,85,204,51,26,77,173,134,307,143,118,261,52,27,79,x,x,32,x,x,x,189,154,343,78,43,121,205,162,367,68,35,103
E92000001,921,England,ETHNICGROUP_MINOR,Any Other White Background,9521,9744,19265,7960,7587,15547,5725,4948,10673,9052,9110,18162,8806,8810,17616,5777,5030,10807,5991,5099,11090,5275,4348,9623,3783,3329,7112,2740,2092,4832,7558,7602,15160,6091,5373,11464,7760,7972,15732,6043,5971,12014,1349,1412,2761,1039,975,2014,656,552,1208,1226,1253,2479,1178,1199,2377,665,564,1229,425,311,736,272,145,417,1152,1212,2364,811,749,1560,1193,1235,2428,785,745,1530,8172,8332,16504,6921,6612,13533,5069,4396,9465,7826,7857,15683,7628,7611,15239,5112,4466,9578,3358,3018,6376,2468,1947,4415,6406,6390,12796,5280,4624,9904,6567,6737,13304,5258,5226,10484
E92000001,921,England,ETHNICGROUP_MAJOR,Mixed,10841,10770,21611,9465,8629,18094,7291,6223,13514,10513,10218,20731,10355,10016,20371,7355,6332,13687,4771,3339,8110,6682,5405,12087,4416,3604,8020,3118,2129,5247,10554,10349,20903,8296,6939,15235,10507,10420,20927,7668,7153,14821,2270,2290,4560,1749,1585,3334,1095,905,2000,2118,2049,4167,2045,1979,4024,1114,925,2039,553,403,956,306,179,485,2200,2198,4398,1468,1213,2681,2183,2201,4384,1244,1145,2389,8571,8480,17051,7716,7044,14760,6196,5318,11514,8395,8169,16564,8310,8037,16347,6241,5407,11648,3863,3201,7064,2812,1950,4762,8354,8151,16505,6828,5726,12554,8324,8219,16543,6424,6008,12432
E92000001,921,England,ETHNICGROUP_MINOR,White and Black Caribbean,3742,3591,7333,3142,2755,5897,2244,1783,4027,3597,3375,6972,3526,3283,6809,2266,1822,4088,1195,704,1899,1974,1444,3418,1193,864,2057,746,416,1162,3700,3541,7241,2695,2152,4847,3688,3536,7224,2426,2116,4542,913,915,1828,661,620,1281,369,317,686,841,816,1657,804,777,1581,380,325,705,158,110,268,83,47,130,900,901,1801,560,470,1030,897,899,1796,436,414,850,2829,2676,5505,2481,2135,4616,1875,1466,3341,2756,2559,5315,2722,2506,5228,1886,1497,3383,1035,754,1789,663,369,1032,2800,2640,5440,2135,1682,3817,2791,2637,5428,1990,1702,3692
E92000001,921,England,ETHNICGROUP_MINOR,White and Black African,1173,1158,2331,1042,926,1968,808,668,1476,1141,1101,2242,1131,1083,2214,817,679,1496,566,416,982,749,571,1320,505,409,914,344,247,591,1118,1093,2211,915,754,1669,1105,1093,2198,827,762,1589,288,249,537,236,175,411,151,110,261,271,225,496,267,220,487,154,112,266,83,51,134,47,25,72,269,234,503,197,133,330,265,233,498,161,130,291,885,909,1794,806,751,1557,657,558,1215,870,876,1746,864,863,1727,663,567,1230,422,358,780,297,222,519,849,859,1708,718,621,1339,840,860,1700,666,632,1298
E92000001,921,England,ETHNICGROUP_MINOR,White and Asian,2171,2263,4434,1957,1916,3873,1609,1480,3089,2118,2178,4296,2094,2140,4234,1621,1501,3122,1116,865,1981,1512,1367,2879,1043,925,1968,808,630,1438,2121,2189,4310,1751,1570,3321,2123,2203,4326,1675,1657,3332,343,362,705,271,265,536,198,140,338,322,328,650,314,316,630,199,142,341,104,58,162,64,28,92,338,350,688,235,193,428,333,351,684,215,181,396,1828,1901,3729,1686,1651,3337,1411,1340,2751,1796,1850,3646,1780,1824,3604,1422,1359,2781,939,867,1806,744,602,1346,1783,1839,3622,1516,1377,2893,1790,1852,3642,1460,1476,2936
E92000001,921,England,ETHNICGROUP_MINOR,Any Other Mixed Background,3755,3758,7513,3324,3032,6356,2630,2292,4922,3657,3564,7221,3604,3510,7114,2651,2330,4981,1894,1354,3248,2447,2023,4470,1675,1406,3081,1220,836,2056,3615,3526,7141,2935,2463,5398,3591,3588,7179,2740,2618,5358,726,764,1490,581,525,1106,377,338,715,684,680,1364,660,666,1326,381,346,727,208,184,392,112,79,191,693,713,1406,476,417,893,688,718,1406,432,420,852,3029,2994,6023,2743,2507,5250,2253,1954,4207,2973,2884,5857,2944,2844,5788,2270,1984,4254,1467,1222,2689,1108,757,1865,2922,2813,5735,2459,2046,4505,2903,2870,5773,2308,2198,4506
E92000001,921,England,ETHNICGROUP_MAJOR,Asian,22837,23949,46786,20404,19999,40403,15822,14203,30025,22368,23083,45451,22005,22592,44597,15896,14397,30293,11886,8351,20237,14741,12496,27237,10615,8408,19023,7714,5277,12991,21565,22239,43804,17868,16033,33901,21739,22662,44401,17695,17669,35364,5142,5313,10455,4326,4079,8405,2939,2581,5520,4971,5008,9979,4846,4876,9722,2958,2636,5594,1765,1311,3076,1094,656,1750,4883,4976,9859,3715,3271,6986,4896,5041,9937,3485,3459,6944,17695,18636,36331,16078,15920,31998,12883,11622,24505,17397,18075,35472,17159,17716,34875,12938,11761,24699,8850,7097,15947,6620,4621,11241,16682,17263,33945,14153,12762,26915,16843,17621,34464,14210,14210,28420
E92000001,921,England,ETHNICGROUP_MINOR,Indian,6598,6945,13543,6179,6150,12329,5356,4893,10249,6528,6802,13330,6470,6709,13179,5375,4938,10313,4110,3106,7216,5114,4522,9636,3820,3115,6935,2986,2192,5178,6389,6647,13036,5664,5208,10872,6410,6742,13152,5729,5801,11530,625,683,1308,560,553,1113,417,387,804,612,644,1256,606,631,1237,418,389,807,255,215,470,167,113,280,602,660,1262,491,454,945,600,662,1262,476,499,975,5973,6262,12235,5619,5597,11216,4939,4506,9445,5916,6158,12074,5864,6078,11942,4957,4549,9506,3565,2900,6465,2819,2079,4898,5787,5987,11774,5173,4754,9927,5810,6080,11890,5253,5302,10555
E92000001,921,England,ETHNICGROUP_MINOR,Pakistani,8555,9223,17778,7395,7467,14862,5157,4702,9859,8347,8832,17179,8172,8588,16760,5184,4784,9968,3777,2444,6221,4662,3886,8548,3217,2486,5703,2179,1352,3531,8203,8690,16893,6351,5693,12044,8233,8814,17047,6037,6139,12176,2388,2588,4976,1981,1961,3942,1221,1108,2329,2311,2429,4740,2247,2366,4613,1228,1137,2365,668,506,1174,412,232,644,2294,2426,4720,1655,1498,3153,2289,2470,4759,1505,1546,3051,6167,6635,12802,5414,5506,10920,3936,3594,7530,6036,6403,12439,5925,6222,12147,3956,3647,7603,2549,1980,4529,1767,1120,2887,5909,6264,12173,4696,4195,8891,5944,6344,12288,4532,4593,9125
E92000001,921,England,ETHNICGROUP_MINOR,Bangladeshi,3882,3794,7676,3433,3091,6524,2647,2265,4912,3801,3656,7457,3727,3584,7311,2661,2306,4967,1816,1153,2969,2452,1947,4399,1680,1256,2936,1131,709,1840,3758,3631,7389,3104,2663,5767,3749,3652,7401,3016,2834,5850,1520,1439,2959,1292,1113,2405,954,798,1752,1476,1377,2853,1435,1343,2778,961,818,1779,602,428,1030,361,217,578,1484,1389,2873,1174,981,2155,1480,1389,2869,1109,1030,2139,2362,2355,4717,2141,1978,4119,1693,1467,3160,2325,2279,4604,2292,2241,4533,1700,1488,3188,1078,828,1906,770,492,1262,2274,2242,4516,1930,1682,3612,2269,2263,4532,1907,1804,3711
E92000001,921,England,ETHNICGROUP_MINOR,Any Other Asian Background,3802,3987,7789,3397,3291,6688,2662,2343,5005,3692,3793,7485,3636,3711,7347,2676,2369,5045,2183,1648,3831,2513,2141,4654,1898,1551,3449,1418,1024,2442,3215,3271,6486,2749,2469,5218,3347,3454,6801,2913,2895,5808,609,603,1212,493,452,945,347,288,635,572,558,1130,558,536,1094,351,292,643,240,162,402,154,94,248,503,501,1004,395,338,733,527,520,1047,395,384,779,3193,3384,6577,2904,2839,5743,2315,2055,4370,3120,3235,6355,3078,3175,6253,2325,2077,4402,1658,1389,3047,1264,930,2194,2712,2770,5482,2354,2131,4485,2820,2934,5754,2518,2511,5029
E92000001,921,England,ETHNICGROUP_MAJOR,Black,13810,13632,27442,11898,10852,22750,8745,7203,15948,13477,12969,26446,13229,12665,25894,8829,7329,16158,6003,3773,9776,7961,5954,13915,5446,3814,9260,3452,1937,5389,12623,12193,24816,10342,8564,18906,12697,12414,25111,9816,8812,18628,4218,4204,8422,3443,3118,6561,2247,1813,4060,4055,3884,7939,3949,3754,7703,2271,1859,4130,1292,919,2211,720,407,1127,3791,3714,7505,2985,2387,5372,3835,3782,7617,2734,2443,5177,9592,9428,19020,8455,7734,16189,6498,5390,11888,9422,9085,18507,9280,8911,18191,6558,5470,12028,4154,2895,7049,2732,1530,4262,8832,8479,17311,7357,6177,13534,8862,8632,17494,7082,6369,13451
E92000001,921,England,ETHNICGROUP_MINOR,Black Caribbean,4095,4063,8158,3460,3102,6562,2440,1906,4346,3999,3836,7835,3926,3727,7653,2484,1949,4433,1379,716,2095,2177,1495,3672,1418,853,2271,799,347,1146,3947,3885,7832,3025,2470,5495,3933,3901,7834,2792,2435,5227,1000,1059,2059,793,742,1535,477,391,868,950,957,1907,924,917,1841,486,402,888,261,149,410,119,58,177,960,1010,1970,676,557,1233,954,1011,1965,581,545,1126,3095,3004,6099,2667,2360,5027,1963,1515,3478,3049,2879,5928,3002,2810,5812,1998,1547,3545,1157,704,1861,680,289,969,2987,2875,5862,2349,1913,4262,2979,2890,5869,2211,1890,4101
E92000001,921,England,ETHNICGROUP_MINOR,Black African,8190,8011,16201,7134,6514,13648,5394,4524,9918,7994,7670,15664,7849,7517,15366,5429,4596,10025,3945,2586,6531,4960,3814,8774,3493,2559,6052,2333,1389,3722,7271,6911,14182,6225,5171,11396,7350,7090,14440,5995,5434,11429,2764,2675,5439,2280,2025,4305,1549,1245,2794,2671,2502,5173,2601,2431,5032,1562,1277,2839,908,683,1591,538,315,853,2415,2286,4701,2007,1595,3602,2460,2347,4807,1875,1664,3539,5426,5336,10762,4854,4489,9343,3845,3279,7124,5323,5168,10491,5248,5086,10334,3867,3319,7186,2585,1876,4461,1795,1074,2869,4856,4625,9481,4218,3576,7794,4890,4743,9633,4120,3770,7890
E92000001,921,England,ETHNICGROUP_MINOR,Any Other Black Background,1525,1558,3083,1304,1236,2540,911,773,1684,1484,1463,2947,1454,1421,2875,916,784,1700,679,471,1150,824,645,1469,535,402,937,320,201,521,1405,1397,2802,1092,923,2015,1414,1423,2837,1029,943,1972,454,470,924,370,351,721,221,177,398,434,425,859,424,406,830,223,180,403,123,87,210,63,34,97,416,418,834,302,235,537,421,424,845,278,234,512,1071,1088,2159,934,885,1819,690,596,1286,1050,1038,2088,1030,1015,2045,693,604,1297,412,315,727,257,167,424,989,979,1968,790,688,1478,993,999,1992,751,709,1460
E92000001,921,England,ETHNICGROUP_MAJOR,Chinese,1112,1145,2257,1059,1041,2100,914,849,1763,1099,1102,2201,1087,1088,2175,917,850,1767,835,725,1560,894,803,1697,654,600,1254,574,469,1043,972,971,1943,891,829,1720,1082,1092,2174,1035,1027,2062,83,85,168,74,75,149,66,63,129,83,80,163,83,78,161,66,63,129,37,37,74,33,29,62,72,78,150,65,66,131,80,82,162,74,72,146,1029,1060,2089,985,966,1951,848,786,1634,1016,1022,2038,1004,1010,2014,851,787,1638,617,563,1180,541,440,981,900,893,1793,826,763,1589,1002,1010,2012,961,955,1916
E92000001,921,England,ETHNICGROUP_MINOR,Any Other Ethnic Group,3443,3801,7244,2975,3055,6030,2186,2105,4291,3320,3585,6905,3217,3486,6703,2201,2138,4339,2132,1814,3946,2037,1860,3897,1512,1403,2915,1060,879,1939,2926,3138,6064,2448,2333,4781,2980,3302,6282,2435,2632,5067,1100,1161,2261,927,896,1823,625,540,1165,1053,1085,2138,1012,1050,2062,629,550,1179,428,318,746,279,179,458,952,1004,1956,776,698,1474,963,1039,2002,740,771,1511,2343,2640,4983,2048,2159,4207,1561,1565,3126,2267,2500,4767,2205,2436,4641,1572,1588,3160,1084,1085,2169,781,700,1481,1974,2134,4108,1672,1635,3307,2017,2263,4280,1695,1861,3556
E92000001,921,England,ETHNICGROUP_MINOR,Unclassified,2506,2898,5404,2126,2245,4371,1604,1609,3213,2407,2709,5116,2364,2640,5004,1622,1640,3262,1071,909,1980,1479,1405,2884,1059,983,2042,737,622,1359,2427,2752,5179,1840,1780,3620,2422,2774,5196,1721,1891,3612,.,.,.,.,.,.,.,.,.,.,.,.,.,.,.,.,.,.,.,.,.,.,.,.,.,.,.,.,.,.,.,.,.,.,.,.,.,.,.,.,.,.,.,.,.,.,.,.,.,.,.,.,.,.,.,.,.,.,.,.,.,.,.,.,.,.,.,.,.,.,.,.
E92000001,921,England,EAL_status,English,244146,253687,497833,211160,201486,412646,161346,141896,303242,236681,240562,477243,233298,236175,469473,162813,144178,306991,95535,65325,160860,145713,122124,267837,95986,79310,175296,66471,45774,112245,241455,249424,490879,183279,157988,341267,240938,250093,491031,173962,168423,342385,.,.,.,.,.,.,.,.,.,.,.,.,.,.,.,.,.,.,.,.,.,.,.,.,.,.,.,.,.,.,.,.,.,.,.,.,.,.,.,.,.,.,.,.,.,.,.,.,.,.,.,.,.,.,.,.,.,.,.,.,.,.,.,.,.,.,.,.,.,.,.,.
E92000001,921,England,EAL_status,Other than English,35786,36933,72719,30860,29730,60590,22616,19790,42406,34570,35056,69626,33739,34084,67823,22752,20087,42839,19670,14888,34558,20879,17134,38013,14904,12114,27018,10436,7295,17731,31028,31242,62270,25579,22424,48003,31724,32486,64210,25373,24983,50356,.,.,.,.,.,.,.,.,.,.,.,.,.,.,.,.,.,.,.,.,.,.,.,.,.,.,.,.,.,.,.,.,.,.,.,.,.,.,.,.,.,.,.,.,.,.,.,.,.,.,.,.,.,.,.,.,.,.,.,.,.,.,.,.,.,.,.,.,.,.,.,.
E92000001,921,England,EAL_status,Unclassified,394,388,782,322,291,613,247,210,457,371,350,721,362,343,705,251,214,465,151,103,254,224,176,400,149,109,258,103,64,167,376,358,734,287,233,520,374,358,732,266,244,510,.,.,.,.,.,.,.,.,.,.,.,.,.,.,.,.,.,.,.,.,.,.,.,.,.,.,.,.,.,.,.,.,.,.,.,.,.,.,.,.,.,.,.,.,.,.,.,.,.,.,.,.,.,.,.,.,.,.,.,.,.,.,.,.,.,.,.,.,.,.,.,.
E92000001,921,England,FSM_status,FSM,41852,43330,85182,31008,28051,59059,17781,14503,32284,38471,37661,76132,36966,36037,73003,18068,14916,32984,9805,6228,16033,14315,10632,24947,8877,6650,15527,4738,2770,7508,40245,41315,81560,24569,19794,44363,40339,41615,81954,21651,20525,42176,.,.,.,.,.,.,.,.,.,.,.,.,.,.,.,.,.,.,.,.,.,.,.,.,.,.,.,.,.,.,.,.,.,.,.,.,.,.,.,.,.,.,.,.,.,.,.,.,.,.,.,.,.,.,.,.,.,.,.,.,.,.,.,.,.,.,.,.,.,.,.,.
E92000001,921,England,FSM_status,All other pupils,238474,247678,486152,211334,203456,414790,166428,147393,313821,233151,238307,471458,230433,234565,464998,167748,149563,317311,105551,74088,179639,152501,128802,281303,102162,84883,187045,72272,50363,122635,232614,239709,472323,184576,160851,345427,232697,241322,474019,177950,173125,351075,.,.,.,.,.,.,.,.,.,.,.,.,.,.,.,.,.,.,.,.,.,.,.,.,.,.,.,.,.,.,.,.,.,.,.,.,.,.,.,.,.,.,.,.,.,.,.,.,.,.,.,.,.,.,.,.,.,.,.,.,.,.,.,.,.,.,.,.,.,.,.,.
E92000001,921,England,Disadvantaged_status,Disadvantaged pupils,75937,78150,154087,57576,52434,110010,34597,28429,63026,70635,69234,139869,68292,66664,134956,35167,29198,64365,18730,11912,30642,28171,21133,49304,17464,13184,30648,9479,5664,15143,73521,74954,148475,46457,37484,83941,73562,75444,149006,41442,39168,80610,.,.,.,.,.,.,.,.,.,.,.,.,.,.,.,.,.,.,.,.,.,.,.,.,.,.,.,.,.,.,.,.,.,.,.,.,.,.,.,.,.,.,.,.,.,.,.,.,.,.,.,.,.,.,.,.,.,.,.,.,.,.,.,.,.,.,.,.,.,.,.,.
E92000001,921,England,Disadvantaged_status,All other pupils,204389,212858,417247,184766,179073,363839,149612,133467,283079,200987,206734,407721,199107,203938,403045,150649,135281,285930,96626,68404,165030,138645,118301,256946,93575,78349,171924,67531,47469,115000,199338,206070,405408,162688,143161,305849,199474,207493,406967,158159,154482,312641,.,.,.,.,.,.,.,.,.,.,.,.,.,.,.,.,.,.,.,.,.,.,.,.,.,.,.,.,.,.,.,.,.,.,.,.,.,.,.,.,.,.,.,.,.,.,.,.,.,.,.,.,.,.,.,.,.,.,.,.,.,.,.,.,.,.,.,.,.,.,.,.
E92000001,921,England,SEN_status,No identified SEN,235567,216663,452230,214408,189672,404080,172623,145609,318232,232772,213741,446513,231189,211981,443170,173984,147660,321644,109004,73786,182790,157565,127425,284990,105423,84644,190067,74299,50535,124834,229835,209763,439598,186880,150535,337415,229932,211138,441070,182049,163691,345740,29124,24474,53598,24110,19348,43458,15692,12020,27712,28156,23583,51739,27701,23208,50909,15918,12322,28240,7980,5772,13752,4400,2510,6910,28052,23288,51340,19455,13968,33423,28097,23478,51575,18024,15151,33175,206443,192189,398632,190298,170324,360622,156931,133589,290520,204616,190158,394774,203488,188773,392261,158066,135338,293404,97443,78872,176315,69899,48025,117924,201783,186475,388258,167425,136567,303992,201835,187660,389495,164025,148540,312565
E92000001,921,England,SEN_status,All SEN pupils,44721,74309,119030,27907,41817,69724,11566,16274,27840,38817,62204,101021,36178,58598,94776,11812,16806,28618,6338,6525,12863,9234,12000,21234,5605,6886,12491,2704,2598,5302,42989,71231,114220,22241,30099,52340,43067,71769,114836,17533,29947,47480,12725,18852,31577,6895,8700,15595,2088,2482,4570,10312,14075,24387,9262,12826,22088,2149,2593,4742,896,878,1774,337,260,597,12190,18024,30214,5111,5824,10935,12239,18134,30373,3627,5373,9000,31996,55457,87453,21012,33117,54129,9478,13792,23270,28505,48129,76634,26916,45772,72688,9663,14213,23876,4709,6008,10717,2367,2338,4705,30799,53207,84006,17130,24275,41405,30828,53635,84463,13906,24574,38480
E92000001,921,England,SEN_status,SEN without a statement,39035,58235,97270,26350,37174,63524,11074,14708,25782,36145,53636,89781,34076,51305,85381,11317,15192,26509,6049,5916,11965,8822,10787,19609,5395,6320,11715,2591,2332,4923,37506,55857,93363,20817,26056,46873,37563,56334,93897,16599,26338,42937,10841,13681,24522,6513,7656,14169,2013,2269,4282,9580,11868,21448,8732,11055,19787,2073,2367,4440,875,805,1680,328,230,558,10373,13071,23444,4767,4970,9737,10413,13187,23600,3443,4652,8095,28194,44554,72748,19837,29518,49355,9061,12439,21500,26565,41768,68333,25344,40250,65594,9244,12825,22069,4520,5515,10035,2263,2102,4365,27133,42786,69919,16050,21086,37136,27150,43147,70297,13156,21686,34842
E92000001,921,England,SEN_status,School Action,25763,37697,63460,18441,25619,44060,7721,10430,18151,24667,35994,60661,23577,34818,58395,7856,10744,18600,4294,4225,8519,6151,7703,13854,3827,4563,8390,1786,1688,3474,24714,36154,60868,14578,18018,32596,24750,36449,61199,11685,18433,30118,6555,7855,14410,4252,4786,9038,1317,1469,2786,6056,7193,13249,5598,6816,12414,1351,1519,2870,588,549,1137,207,157,364,6262,7516,13778,3147,3094,6241,6283,7568,13851,2274,2966,5240,19208,29842,49050,14189,20833,35022,6404,8961,15365,18611,28801,47412,17979,28002,45981,6505,9225,15730,3239,4014,7253,1579,1531,3110,18452,28638,47090,11431,14924,26355,18467,28881,47348,9411,15467,24878
E92000001,921,England,SEN_status,School Action +,13272,20538,33810,7909,11555,19464,3353,4278,7631,11478,17642,29120,10499,16487,26986,3461,4448,7909,1755,1691,3446,2671,3084,5755,1568,1757,3325,805,644,1449,12792,19703,32495,6239,8038,14277,12813,19885,32698,4914,7905,12819,4286,5826,10112,2261,2870,5131,696,800,1496,3524,4675,8199,3134,4239,7373,722,848,1570,287,256,543,121,73,194,4111,5555,9666,1620,1876,3496,4130,5619,9749,1169,1686,2855,8986,14712,23698,5648,8685,14333,2657,3478,6135,7954,12967,20921,7365,12248,19613,2739,3600,6339,1281,1501,2782,684,571,1255,8681,14148,22829,4619,6162,10781,8683,14266,22949,3745,6219,9964
E92000001,921,England,SEN_status,SEN with a statement,5686,16074,21760,1557,4643,6200,492,1566,2058,2672,8568,11240,2102,7293,9395,495,1614,2109,289,609,898,412,1213,1625,210,566,776,113,266,379,5483,15374,20857,1424,4043,5467,5504,15435,20939,934,3609,4543,1884,5171,7055,382,1044,1426,75,213,288,732,2207,2939,530,1771,2301,76,226,302,21,73,94,9,30,39,1817,4953,6770,344,854,1198,1826,4947,6773,184,721,905,3802,10903,14705,1175,3599,4774,417,1353,1770,1940,6361,8301,1572,5522,7094,419,1388,1807,189,493,682,104,236,340,3666,10421,14087,1080,3189,4269,3678,10488,14166,750,2888,3638
E92000001,921,England,PRIMARYNEED_status,All SEN primary need pupils,18958,36612,55570,9466,16198,25664,3845,5844,9689,14150,26210,40360,12601,23780,36381,3956,6062,10018,2044,2300,4344,3083,4297,7380,1778,2323,4101,918,910,1828,18275,35077,53352,7663,12081,19744,18317,35320,53637,5848,11514,17362,.,.,.,.,.,.,.,.,.,.,.,.,.,.,.,.,.,.,.,.,.,.,.,.,.,.,.,.,.,.,.,.,.,.,.,.,.,.,.,.,.,.,.,.,.,.,.,.,.,.,.,.,.,.,.,.,.,.,.,.,.,.,.,.,.,.,.,.,.,.,.,.
E92000001,921,England,PRIMARYNEED_status,Specific Learning Difficulty,2199,4758,6957,1384,2715,4099,440,859,1299,2019,4289,6308,1841,4014,5855,446,881,1327,181,263,444,354,653,1007,177,278,455,66,88,154,2087,4519,6606,1211,2248,3459,2104,4601,6705,827,1972,2799,.,.,.,.,.,.,.,.,.,.,.,.,.,.,.,.,.,.,.,.,.,.,.,.,.,.,.,.,.,.,.,.,.,.,.,.,.,.,.,.,.,.,.,.,.,.,.,.,.,.,.,.,.,.,.,.,.,.,.,.,.,.,.,.,.,.,.,.,.,.,.,.
E92000001,921,England,PRIMARYNEED_status,Moderate Learning Difficulty,4368,7271,11639,1804,2738,4542,234,354,588,3043,4847,7890,2440,4120,6560,242,366,608,162,212,374,153,211,364,103,130,233,32,25,57,4152,6881,11033,1380,1913,3293,4198,6961,11159,693,1372,2065,.,.,.,.,.,.,.,.,.,.,.,.,.,.,.,.,.,.,.,.,.,.,.,.,.,.,.,.,.,.,.,.,.,.,.,.,.,.,.,.,.,.,.,.,.,.,.,.,.,.,.,.,.,.,.,.,.,.,.,.,.,.,.,.,.,.,.,.,.,.,.,.
E92000001,921,England,PRIMARYNEED_status,Severe Learning Difficulty,832,1469,2301,34,74,108,3,13,16,77,146,223,39,99,138,3,13,16,3,7,10,3,10,13,4,4,8,x,x,x,819,1450,2269,31,61,92,822,1457,2279,12,37,49,.,.,.,.,.,.,.,.,.,.,.,.,.,.,.,.,.,.,.,.,.,.,.,.,.,.,.,.,.,.,.,.,.,.,.,.,.,.,.,.,.,.,.,.,.,.,.,.,.,.,.,.,.,.,.,.,.,.,.,.,.,.,.,.,.,.,.,.,.,.,.,.
E92000001,921,England,PRIMARYNEED_status,Profound & Multiple Learning Difficulty,222,303,525,3,15,18,x,x,x,7,21,28,3,15,18,x,x,x,x,x,x,x,x,x,x,x,x,x,x,x,221,301,522,4,9,13,221,302,523,x,x,10,.,.,.,.,.,.,.,.,.,.,.,.,.,.,.,.,.,.,.,.,.,.,.,.,.,.,.,.,.,.,.,.,.,.,.,.,.,.,.,.,.,.,.,.,.,.,.,.,.,.,.,.,.,.,.,.,.,.,.,.,.,.,.,.,.,.,.,.,.,.,.,.
E92000001,921,England,PRIMARYNEED_status,"Behaviour, Emotional & Social Difficulties",5686,11094,16780,2912,4403,7315,1434,1653,3087,4387,7794,12181,4058,7087,11145,1504,1758,3262,693,575,1268,1106,1079,2185,658,620,1278,313,190,503,5560,10710,16270,2229,2966,5195,5550,10742,16292,1886,3068,4954,.,.,.,.,.,.,.,.,.,.,.,.,.,.,.,.,.,.,.,.,.,.,.,.,.,.,.,.,.,.,.,.,.,.,.,.,.,.,.,.,.,.,.,.,.,.,.,.,.,.,.,.,.,.,.,.,.,.,.,.,.,.,.,.,.,.,.,.,.,.,.,.
E92000001,921,England,PRIMARYNEED_status,"Speech, Language and Communications Needs",1186,2719,3905,562,1386,1948,143,397,540,969,2229,3198,814,1999,2813,144,407,551,120,203,323,113,299,412,64,166,230,29,65,94,1106,2563,3669,480,1052,1532,1101,2586,3687,314,1000,1314,.,.,.,.,.,.,.,.,.,.,.,.,.,.,.,.,.,.,.,.,.,.,.,.,.,.,.,.,.,.,.,.,.,.,.,.,.,.,.,.,.,.,.,.,.,.,.,.,.,.,.,.,.,.,.,.,.,.,.,.,.,.,.,.,.,.,.,.,.,.,.,.
E92000001,921,England,PRIMARYNEED_status,Hearing Impairment,753,634,1387,570,449,1019,348,244,592,693,581,1274,654,544,1198,349,249,598,189,99,288,300,197,497,161,112,273,107,53,160,733,613,1346,479,336,815,726,610,1336,470,374,844,.,.,.,.,.,.,.,.,.,.,.,.,.,.,.,.,.,.,.,.,.,.,.,.,.,.,.,.,.,.,.,.,.,.,.,.,.,.,.,.,.,.,.,.,.,.,.,.,.,.,.,.,.,.,.,.,.,.,.,.,.,.,.,.,.,.,.,.,.,.,.,.
E92000001,921,England,PRIMARYNEED_status,Visual Impairment,320,395,715,241,275,516,162,160,322,296,354,650,283,339,622,164,162,326,93,73,166,144,134,278,76,83,159,50,41,91,307,383,690,215,219,434,310,386,696,195,243,438,.,.,.,.,.,.,.,.,.,.,.,.,.,.,.,.,.,.,.,.,.,.,.,.,.,.,.,.,.,.,.,.,.,.,.,.,.,.,.,.,.,.,.,.,.,.,.,.,.,.,.,.,.,.,.,.,.,.,.,.,.,.,.,.,.,.,.,.,.,.,.,.
E92000001,921,England,PRIMARYNEED_status,Multi-Sensory Impairment,26,30,56,16,17,33,x,x,x,18,19,37,16,19,35,x,x,x,x,x,x,x,x,x,x,x,x,x,x,5,25,27,52,11,6,17,26,28,54,x,x,21,.,.,.,.,.,.,.,.,.,.,.,.,.,.,.,.,.,.,.,.,.,.,.,.,.,.,.,.,.,.,.,.,.,.,.,.,.,.,.,.,.,.,.,.,.,.,.,.,.,.,.,.,.,.,.,.,.,.,.,.,.,.,.,.,.,.,.,.,.,.,.,.
E92000001,921,England,PRIMARYNEED_status,Physical Disability,883,1162,2045,535,684,1219,320,358,678,710,937,1647,659,874,1533,326,364,690,179,166,345,283,292,575,164,166,330,98,88,186,859,1118,1977,475,541,1016,860,1121,1981,425,540,965,.,.,.,.,.,.,.,.,.,.,.,.,.,.,.,.,.,.,.,.,.,.,.,.,.,.,.,.,.,.,.,.,.,.,.,.,.,.,.,.,.,.,.,.,.,.,.,.,.,.,.,.,.,.,.,.,.,.,.,.,.,.,.,.,.,.,.,.,.,.,.,.
E92000001,921,England,PRIMARYNEED_status,Autistic Spectrum Disorder,891,4988,5879,405,2381,2786,207,1319,1526,577,3465,4042,527,3231,3758,209,1355,1564,119,509,628,169,1059,1228,101,540,641,56,272,328,874,4820,5694,343,1997,2340,862,4822,5684,303,2125,2428,.,.,.,.,.,.,.,.,.,.,.,.,.,.,.,.,.,.,.,.,.,.,.,.,.,.,.,.,.,.,.,.,.,.,.,.,.,.,.,.,.,.,.,.,.,.,.,.,.,.,.,.,.,.,.,.,.,.,.,.,.,.,.,.,.,.,.,.,.,.,.,.
E92000001,921,England,PRIMARYNEED_status,Other Difficulty/Disability,1329,1491,2820,853,904,1757,457,404,861,1135,1279,2414,1061,1204,2265,470,420,890,246,157,403,370,305,675,209,188,397,126,75,201,1276,1416,2692,679,620,1299,1283,1424,2707,602,647,1249,.,.,.,.,.,.,.,.,.,.,.,.,.,.,.,.,.,.,.,.,.,.,.,.,.,.,.,.,.,.,.,.,.,.,.,.,.,.,.,.,.,.,.,.,.,.,.,.,.,.,.,.,.,.,.,.,.,.,.,.,.,.,.,.,.,.,.,.,.,.,.,.
E92000001,921,England,Disadvantaged_schools,Schools with the greatest proportions of disdavantaged pupils,.,.,27921,.,.,.,.,.,.,.,.,.,.,.,.,.,.,12724,.,.,.,.,.,.,.,.,.,.,.,.,.,.,.,.,.,.,.,.,.,.,.,.,.,.,.,.,.,.,.,.,.,.,.,.,.,.,.,.,.,.,.,.,.,.,.,.,.,.,.,.,.,.,.,.,.,.,.,.,.,.,.,.,.,.,.,.,.,.,.,.,.,.,.,.,.,.,.,.,.,.,.,.,.,.,.,.,.,.,.,.,.,.,.,.
E92000001,921,England,Disadvantaged_schools,Schools with the least proportions of disdavantaged pupils,.,.,68779,.,.,.,.,.,.,.,.,.,.,.,.,.,.,56757,.,.,.,.,.,.,.,.,.,.,.,.,.,.,.,.,.,.,.,.,.,.,.,.,.,.,.,.,.,.,.,.,.,.,.,.,.,.,.,.,.,.,.,.,.,.,.,.,.,.,.,.,.,.,.,.,.,.,.,.,.,.,.,.,.,.,.,.,.,.,.,.,.,.,.,.,.,.,.,.,.,.,.,.,.,.,.,.,.,.,.,.,.,.,.,.
,,,,,,,,,,,,,,,,,,,,,,,,,,,,,,,,,,,,,,,,,,,, ,,,,,,,,,,,,,,,,,,,,,,,,,,,,,,,,,,,,,,,,,,,,,,,,,,,,,,,,,,,,,,,,,,,,,,,,,,
