Country_code_9_digit,Country_code,Country_name,Region_code_9_digit,Region_code,Region_name,LAD_code_9_digit,LAD_code,LAD_name,IDACI_decile,Rurality,A1A4den_13,KS4_LEVEL2_13,KS4_LEVEL2_EM_13,KS4_LEVEL1_13,KS4_LEVEL1_EM_13,KS4_L2BASICS_13,KS4_EBACC_E_13,KS4_EBACC_13
E92000001,921,England,,,,,,,,,567612,472056,345377,544924,535633,349533,202134,129935
E92000001,921,England,,,,,,,0-10% most deprived,,67901,53396,32466,63486,61569,32959,16618,9041
E92000001,921,England,,,,,,,10-20%,,62680,49431,31084,58776,57171,31538,16287,8875
E92000001,921,England,,,,,,,20-30%,,59037,46908,31109,55935,54675,31541,16488,9551
E92000001,921,England,,,,,,,30-40%,,56736,45867,31652,54130,53166,32111,17258,10211
E92000001,921,England,,,,,,,40-50%,,54965,45255,32794,52888,52012,33254,18669,11568
E92000001,921,England,,,,,,,50-60%,,53692,44903,34052,51923,51270,34469,19824,12585
E92000001,921,England,,,,,,,60-70%,,54513,46511,36449,52991,52377,36847,22100,14639
E92000001,921,England,,,,,,,70-80%,,54053,46795,37414,52761,52228,37811,23525,16130
E92000001,921,England,,,,,,,80-90%,,53181,47029,39032,52092,51580,39382,24947,17851
E92000001,921,England,,,,,,,90-100% least deprived,,50854,45961,39325,49942,49585,39621,26418,19484
E92000001,921,England,,,,,,,,Urban,461375,383769,276333,441934,433958,279698,158774,101069
E92000001,921,England,,,,,,,,Rural,106237,88287,69044,102990,101675,69835,43360,28866
E92000001,921,England,,,,,,,,Rural - town and fringe,52441,43297,32957,50746,50053,33349,19979,12876
E92000001,921,England,,,,,,,,Rural - village,38204,31791,25422,37093,36630,25722,16493,11271
E92000001,921,England,,,,,,,,Rural - hamlet and isolated dwelling,15592,13199,10665,15151,14992,10764,6888,4719
E92000001,921,England,,,,,,,0-10% most deprived,Urban,67375,52988,32276,63000,61103,32766,16528,8990
E92000001,921,England,,,,,,,0-10% most deprived,Rural,526,408,190,486,466,193,90,51
E92000001,921,England,,,,,,,10-20%,Urban,61023,48134,30360,57226,55670,30805,15948,8720
E92000001,921,England,,,,,,,10-20%,Rural,1657,1297,724,1550,1501,733,339,155
E92000001,921,England,,,,,,,20-30%,Urban,55052,43876,29173,52180,51010,29583,15546,9029
E92000001,921,England,,,,,,,20-30%,Rural,3985,3032,1936,3755,3665,1958,942,522
E92000001,921,England,,,,,,,30-40%,Urban,50228,40860,28201,47913,47047,28596,15365,9152
E92000001,921,England,,,,,,,30-40%,Rural,6508,5007,3451,6217,6119,3515,1893,1059
E92000001,921,England,,,,,,,40-50%,Urban,43963,36587,26398,42317,41627,26761,14878,9265
E92000001,921,England,,,,,,,40-50%,Rural,11002,8668,6396,10571,10385,6493,3791,2303
E92000001,921,England,,,,,,,50-60%,Urban,38448,32527,24635,37185,36737,24915,14102,9038
E92000001,921,England,,,,,,,50-60%,Rural,15244,12376,9417,14738,14533,9554,5722,3547
E92000001,921,England,,,,,,,60-70%,Urban,36571,31609,24695,35564,35143,24954,14668,9753
E92000001,921,England,,,,,,,60-70%,Rural,17942,14902,11754,17427,17234,11893,7432,4886
E92000001,921,England,,,,,,,70-80%,Urban,35356,30949,24719,34530,34192,24989,15292,10532
E92000001,921,England,,,,,,,70-80%,Rural,18697,15846,12695,18231,18036,12822,8233,5598
E92000001,921,England,,,,,,,80-90%,Urban,35494,31753,26361,34808,34490,26590,16563,11886
E92000001,921,England,,,,,,,80-90%,Rural,17687,15276,12671,17284,17090,12792,8384,5965
E92000001,921,England,,,,,,,90-100% least deprived,Urban,37865,34486,29515,37211,36939,29739,19884,14704
E92000001,921,England,,,,,,,90-100% least deprived,Rural,12989,11475,9810,12731,12646,9882,6534,4780
E92000001,921,England,E12000001,A,North East,,,,,,28785,25294,17091,27489,26980,17193,9497,5690
E92000001,921,England,E12000001,A,North East,,,,0-10% most deprived,,4385,3584,1825,4037,3886,1839,733,337
E92000001,921,England,E12000001,A,North East,,,,10-20%,,4131,3520,1922,3873,3776,1938,911,433
E92000001,921,England,E12000001,A,North East,,,,20-30%,,3957,3469,2174,3760,3690,2181,1039,565
E92000001,921,England,E12000001,A,North East,,,,30-40%,,2830,2487,1636,2716,2665,1653,876,496
E92000001,921,England,E12000001,A,North East,,,,40-50%,,2694,2377,1629,2585,2533,1635,878,511
E92000001,921,England,E12000001,A,North East,,,,50-60%,,1897,1709,1289,1836,1815,1297,738,437
E92000001,921,England,E12000001,A,North East,,,,60-70%,,2165,1938,1501,2102,2080,1512,935,593
E92000001,921,England,E12000001,A,North East,,,,70-80%,,1748,1585,1222,1706,1698,1229,823,532
E92000001,921,England,E12000001,A,North East,,,,80-90%,,2081,1932,1616,2041,2023,1621,998,693
E92000001,921,England,E12000001,A,North East,,,,90-100% least deprived,,2897,2693,2277,2833,2814,2288,1566,1093
E92000001,921,England,E12000001,A,North East,,,,,Urban,23470,20600,13829,22378,21939,13914,7681,4601
E92000001,921,England,E12000001,A,North East,,,,,Rural,5315,4694,3262,5111,5041,3279,1816,1089
E92000001,921,England,E12000001,A,North East,,,,,Rural - town and fringe,3608,3191,2128,3464,3403,2138,1138,650
E92000001,921,England,E12000001,A,North East,,,,,Rural - village,1134,993,735,x,x,740,438,290
E92000001,921,England,E12000001,A,North East,,,,,Rural - hamlet and isolated dwelling,573,510,399,x,x,401,240,149
E92000001,921,England,E12000001,A,North East,,,,0-10% most deprived,Urban,x,x,x,x,x,x,x,x
E92000001,921,England,E12000001,A,North East,,,,0-10% most deprived,Rural,x,x,x,x,x,x,x,x
E92000001,921,England,E12000001,A,North East,,,,10-20%,Urban,3546,3013,1654,3325,3241,1668,790,381
E92000001,921,England,E12000001,A,North East,,,,10-20%,Rural,585,507,268,548,535,270,121,52
E92000001,921,England,E12000001,A,North East,,,,20-30%,Urban,3155,2761,1729,2994,2936,1734,819,451
E92000001,921,England,E12000001,A,North East,,,,20-30%,Rural,802,708,445,766,754,447,220,114
E92000001,921,England,E12000001,A,North East,,,,30-40%,Urban,2271,2008,1348,2183,2139,1363,732,416
E92000001,921,England,E12000001,A,North East,,,,30-40%,Rural,559,479,288,533,526,290,144,80
E92000001,921,England,E12000001,A,North East,,,,40-50%,Urban,2159,1914,1307,x,x,1312,714,403
E92000001,921,England,E12000001,A,North East,,,,40-50%,Rural,535,463,322,x,x,323,164,108
E92000001,921,England,E12000001,A,North East,,,,50-60%,Urban,1304,1181,898,1260,1246,903,539,x
E92000001,921,England,E12000001,A,North East,,,,50-60%,Rural,593,528,391,576,569,394,199,x
E92000001,921,England,E12000001,A,North East,,,,60-70%,Urban,x,x,x,x,x,x,x,x
E92000001,921,England,E12000001,A,North East,,,,60-70%,Rural,x,x,x,x,x,x,x,x
E92000001,921,England,E12000001,A,North East,,,,70-80%,Urban,1217,1106,862,x,1186,866,566,381
E92000001,921,England,E12000001,A,North East,,,,70-80%,Rural,531,479,360,x,512,363,257,151
E92000001,921,England,E12000001,A,North East,,,,80-90%,Urban,1725,x,1346,1693,1681,1350,837,587
E92000001,921,England,E12000001,A,North East,,,,80-90%,Rural,356,x,270,348,342,271,161,106
E92000001,921,England,E12000001,A,North East,,,,90-100% least deprived,Urban,2392,2245,1902,2344,2332,1910,1316,920
E92000001,921,England,E12000001,A,North East,,,,90-100% least deprived,Rural,505,448,375,489,482,378,250,173
E92000001,921,England,E12000002,B,North West,,,,,,79737,66570,47783,76368,75110,48379,28285,18046
E92000001,921,England,E12000002,B,North West,,,,0-10% most deprived,,12867,9872,5492,11884,11492,5594,2722,1390
E92000001,921,England,E12000002,B,North West,,,,10-20%,,9156,7079,4367,8531,8301,4431,2376,1236
E92000001,921,England,E12000002,B,North West,,,,20-30%,,8123,6510,4271,7719,7570,4343,2258,1275
E92000001,921,England,E12000002,B,North West,,,,30-40%,,7490,6101,4099,7144,7032,4157,2181,1284
E92000001,921,England,E12000002,B,North West,,,,40-50%,,6238,5229,3747,6013,5930,3804,2237,1334
E92000001,921,England,E12000002,B,North West,,,,50-60%,,5989,5161,3901,5809,5741,3951,2234,1430
E92000001,921,England,E12000002,B,North West,,,,60-70%,,6113,5298,4164,5943,5888,4208,2562,1707
E92000001,921,England,E12000002,B,North West,,,,70-80%,,6930,6135,4915,6775,6718,4954,3158,2198
E92000001,921,England,E12000002,B,North West,,,,80-90%,,7968,7101,5937,7824,7764,5995,3855,2772
E92000001,921,England,E12000002,B,North West,,,,90-100% least deprived,,8863,8084,6890,8726,8674,6942,4702,3420
E92000001,921,England,E12000002,B,North West,,,,,Urban,70789,58891,41717,67658,66492,42258,24370,15285
E92000001,921,England,E12000002,B,North West,,,,,Rural,8948,7679,6066,8710,8618,6121,3915,2761
E92000001,921,England,E12000002,B,North West,,,,,Rural - town and fringe,4498,3826,2937,4370,4318,2969,1855,1262
E92000001,921,England,E12000002,B,North West,,,,,Rural - village,2723,2336,1878,2653,2627,1894,1258,908
E92000001,921,England,E12000002,B,North West,,,,,Rural - hamlet and isolated dwelling,1727,1517,1251,1687,1673,1258,802,591
E92000001,921,England,E12000002,B,North West,,,,0-10% most deprived,Urban,12797,9821,5473,11819,11430,5573,2706,1382
E92000001,921,England,E12000002,B,North West,,,,0-10% most deprived,Rural,70,51,19,65,62,21,16,8
E92000001,921,England,E12000002,B,North West,,,,10-20%,Urban,9014,6967,4312,8401,8177,4375,2359,1228
E92000001,921,England,E12000002,B,North West,,,,10-20%,Rural,142,112,55,130,124,56,17,8
E92000001,921,England,E12000002,B,North West,,,,20-30%,Urban,7956,6373,4188,7563,7417,4260,2217,1250
E92000001,921,England,E12000002,B,North West,,,,20-30%,Rural,167,137,83,156,153,83,41,25
E92000001,921,England,E12000002,B,North West,,,,30-40%,Urban,7137,5818,3910,6804,6696,3964,2100,1231
E92000001,921,England,E12000002,B,North West,,,,30-40%,Rural,353,283,189,340,336,193,81,53
E92000001,921,England,E12000002,B,North West,,,,40-50%,Urban,5671,4790,3445,5471,5398,3497,2042,1216
E92000001,921,England,E12000002,B,North West,,,,40-50%,Rural,567,439,302,542,532,307,195,118
E92000001,921,England,E12000002,B,North West,,,,50-60%,Urban,5152,4448,3357,4999,4938,3398,1930,1243
E92000001,921,England,E12000002,B,North West,,,,50-60%,Rural,837,713,544,810,803,553,304,187
E92000001,921,England,E12000002,B,North West,,,,60-70%,Urban,4898,4285,3373,4765,4727,3406,2059,1361
E92000001,921,England,E12000002,B,North West,,,,60-70%,Rural,1215,1013,791,1178,1161,802,503,346
E92000001,921,England,E12000002,B,North West,,,,70-80%,Urban,5345,4737,3807,5222,5173,3839,2429,1684
E92000001,921,England,E12000002,B,North West,,,,70-80%,Rural,1585,1398,1108,1553,1545,1115,729,514
E92000001,921,England,E12000002,B,North West,,,,80-90%,Urban,5738,5155,4337,5638,5602,4385,2771,1978
E92000001,921,England,E12000002,B,North West,,,,80-90%,Rural,2230,1946,1600,2186,2162,1610,1084,794
E92000001,921,England,E12000002,B,North West,,,,90-100% least deprived,Urban,7081,6497,5515,6976,6934,5561,3757,2712
E92000001,921,England,E12000002,B,North West,,,,90-100% least deprived,Rural,1782,1587,1375,1750,1740,1381,945,708
E92000001,921,England,E12000003,D,Yorkshire and the Humber,,,,,,58200,49296,34705,55952,54890,35040,18217,11657
E92000001,921,England,E12000003,D,Yorkshire and the Humber,,,,0-10% most deprived,,6634,5069,2675,6101,5866,2703,956,444
E92000001,921,England,E12000003,D,Yorkshire and the Humber,,,,10-20%,,7384,5759,3328,6886,6632,3370,1377,702
E92000001,921,England,E12000003,D,Yorkshire and the Humber,,,,20-30%,,6153,4886,3094,5812,5663,3136,1420,790
E92000001,921,England,E12000003,D,Yorkshire and the Humber,,,,30-40%,,5517,4641,3052,5294,5173,3083,1392,803
E92000001,921,England,E12000003,D,Yorkshire and the Humber,,,,40-50%,,5126,4378,3023,4976,4902,3055,1500,921
E92000001,921,England,E12000003,D,Yorkshire and the Humber,,,,50-60%,,4880,4272,3143,4766,4709,3176,1589,1012
E92000001,921,England,E12000003,D,Yorkshire and the Humber,,,,60-70%,,5563,4893,3735,5453,5396,3765,2178,1466
E92000001,921,England,E12000003,D,Yorkshire and the Humber,,,,70-80%,,5488,4958,3923,5396,5361,3961,2233,1524
E92000001,921,England,E12000003,D,Yorkshire and the Humber,,,,80-90%,,5756,5220,4296,5649,5605,4321,2604,1841
E92000001,921,England,E12000003,D,Yorkshire and the Humber,,,,90-100% least deprived,,5699,5220,4436,5619,5583,4470,2968,2154
E92000001,921,England,E12000003,D,Yorkshire and the Humber,,,,,Urban,46723,39421,27060,44733,43820,27345,13683,8541
E92000001,921,England,E12000003,D,Yorkshire and the Humber,,,,,Rural,11477,9875,7645,11219,11070,7695,4534,3116
E92000001,921,England,E12000003,D,Yorkshire and the Humber,,,,,Rural - town and fringe,6404,5450,4100,6250,6138,4125,2358,1560
E92000001,921,England,E12000003,D,Yorkshire and the Humber,,,,,Rural - village,3654,3175,2560,3577,3550,2580,1549,1109
E92000001,921,England,E12000003,D,Yorkshire and the Humber,,,,,Rural - hamlet and isolated dwelling,1419,1250,985,1392,1382,990,627,447
E92000001,921,England,E12000003,D,Yorkshire and the Humber,,,,0-10% most deprived,Urban,6488,4960,2627,5968,5738,2654,936,429
E92000001,921,England,E12000003,D,Yorkshire and the Humber,,,,0-10% most deprived,Rural,146,109,48,133,128,49,20,15
E92000001,921,England,E12000003,D,Yorkshire and the Humber,,,,10-20%,Urban,7138,5589,3249,6654,6419,3290,1344,685
E92000001,921,England,E12000003,D,Yorkshire and the Humber,,,,10-20%,Rural,246,170,79,232,213,80,33,17
E92000001,921,England,E12000003,D,Yorkshire and the Humber,,,,20-30%,Urban,5553,4454,2797,5250,5126,2838,1313,726
E92000001,921,England,E12000003,D,Yorkshire and the Humber,,,,20-30%,Rural,600,432,297,562,537,298,107,64
E92000001,921,England,E12000003,D,Yorkshire and the Humber,,,,30-40%,Urban,5116,4293,2812,4905,4790,2842,1285,738
E92000001,921,England,E12000003,D,Yorkshire and the Humber,,,,30-40%,Rural,401,348,240,389,383,241,107,65
E92000001,921,England,E12000003,D,Yorkshire and the Humber,,,,40-50%,Urban,4039,3472,2370,3912,3852,2399,1178,707
E92000001,921,England,E12000003,D,Yorkshire and the Humber,,,,40-50%,Rural,1087,906,653,1064,1050,656,322,214
E92000001,921,England,E12000003,D,Yorkshire and the Humber,,,,50-60%,Urban,3705,3247,2376,3613,3566,2404,1183,747
E92000001,921,England,E12000003,D,Yorkshire and the Humber,,,,50-60%,Rural,1175,1025,767,1153,1143,772,406,265
E92000001,921,England,E12000003,D,Yorkshire and the Humber,,,,60-70%,Urban,3567,3169,2415,3487,3452,2432,1346,909
E92000001,921,England,E12000003,D,Yorkshire and the Humber,,,,60-70%,Rural,1996,1724,1320,1966,1944,1333,832,557
E92000001,921,England,E12000003,D,Yorkshire and the Humber,,,,70-80%,Urban,3308,3024,2390,3253,3234,2416,1319,899
E92000001,921,England,E12000003,D,Yorkshire and the Humber,,,,70-80%,Rural,2180,1934,1533,2143,2127,1545,914,625
E92000001,921,England,E12000003,D,Yorkshire and the Humber,,,,80-90%,Urban,3865,3565,2926,3797,3769,2942,1707,1193
E92000001,921,England,E12000003,D,Yorkshire and the Humber,,,,80-90%,Rural,1891,1655,1370,1852,1836,1379,897,648
E92000001,921,England,E12000003,D,Yorkshire and the Humber,,,,90-100% least deprived,Urban,3944,3648,3098,3894,3874,3128,2072,1508
E92000001,921,England,E12000003,D,Yorkshire and the Humber,,,,90-100% least deprived,Rural,1755,1572,1338,1725,1709,1342,896,646
E92000001,921,England,E12000004,E,East Midlands,,,,,,50180,41545,29770,48090,47359,30124,16997,10490
E92000001,921,England,E12000004,E,East Midlands,,,,0-10% most deprived,,4066,3052,1634,3710,3579,1667,761,373
E92000001,921,England,E12000004,E,East Midlands,,,,10-20%,,4846,3654,2135,4469,4344,2171,1098,527
E92000001,921,England,E12000004,E,East Midlands,,,,20-30%,,4485,3461,2186,4222,4120,2213,1131,647
E92000001,921,England,E12000004,E,East Midlands,,,,30-40%,,4881,3865,2556,4630,4558,2596,1466,773
E92000001,921,England,E12000004,E,East Midlands,,,,40-50%,,5250,4326,3072,5034,4962,3114,1791,1084
E92000001,921,England,E12000004,E,East Midlands,,,,50-60%,,4778,4019,2903,4634,4566,2938,1614,951
E92000001,921,England,E12000004,E,East Midlands,,,,60-70%,,5166,4392,3340,5010,4959,3365,1990,1244
E92000001,921,England,E12000004,E,East Midlands,,,,70-80%,,5990,5229,4068,5853,5808,4107,2406,1608
E92000001,921,England,E12000004,E,East Midlands,,,,80-90%,,6131,5439,4466,6026,5988,4516,2676,1821
E92000001,921,England,E12000004,E,East Midlands,,,,90-100% least deprived,,4587,4108,3410,4502,4475,3437,2064,1462
E92000001,921,England,E12000004,E,East Midlands,,,,,Urban,35639,29183,20331,33950,33358,20581,11096,6713
E92000001,921,England,E12000004,E,East Midlands,,,,,Rural,14541,12362,9439,14140,14001,9543,5901,3777
E92000001,921,England,E12000004,E,East Midlands,,,,,Rural - town and fringe,7973,6751,5044,7734,7667,5106,2959,1854
E92000001,921,England,E12000004,E,East Midlands,,,,,Rural - village,5319,4536,3568,5192,5134,3602,2425,1587
E92000001,921,England,E12000004,E,East Midlands,,,,,Rural - hamlet and isolated dwelling,1249,1075,827,1214,1200,835,517,336
E92000001,921,England,E12000004,E,East Midlands,,,,0-10% most deprived,Urban,3969,2984,1599,3621,3494,1632,742,363
E92000001,921,England,E12000004,E,East Midlands,,,,0-10% most deprived,Rural,97,68,35,89,85,35,19,10
E92000001,921,England,E12000004,E,East Midlands,,,,10-20%,Urban,4588,3459,2018,4230,4108,2051,1033,493
E92000001,921,England,E12000004,E,East Midlands,,,,10-20%,Rural,258,195,117,239,236,120,65,34
E92000001,921,England,E12000004,E,East Midlands,,,,20-30%,Urban,4020,3076,1964,3782,3689,1991,1032,582
E92000001,921,England,E12000004,E,East Midlands,,,,20-30%,Rural,465,385,222,440,431,222,99,65
E92000001,921,England,E12000004,E,East Midlands,,,,30-40%,Urban,3892,3074,2027,3682,3624,2055,1116,596
E92000001,921,England,E12000004,E,East Midlands,,,,30-40%,Rural,989,791,529,948,934,541,350,177
E92000001,921,England,E12000004,E,East Midlands,,,,40-50%,Urban,3568,2957,2080,3407,3360,2111,1187,727
E92000001,921,England,E12000004,E,East Midlands,,,,40-50%,Rural,1682,1369,992,1627,1602,1003,604,357
E92000001,921,England,E12000004,E,East Midlands,,,,50-60%,Urban,2910,2447,1775,2815,2769,1793,934,559
E92000001,921,England,E12000004,E,East Midlands,,,,50-60%,Rural,1868,1572,1128,1819,1797,1145,680,392
E92000001,921,England,E12000004,E,East Midlands,,,,60-70%,Urban,2880,2445,1851,2784,2751,1867,1019,620
E92000001,921,England,E12000004,E,East Midlands,,,,60-70%,Rural,2286,1947,1489,2226,2208,1498,971,624
E92000001,921,England,E12000004,E,East Midlands,,,,70-80%,Urban,3535,3122,2387,3456,3433,2409,1335,875
E92000001,921,England,E12000004,E,East Midlands,,,,70-80%,Rural,2455,2107,1681,2397,2375,1698,1071,733
E92000001,921,England,E12000004,E,East Midlands,,,,80-90%,Urban,3505,3113,2541,3445,3422,2567,1444,983
E92000001,921,England,E12000004,E,East Midlands,,,,80-90%,Rural,2626,2326,1925,2581,2566,1949,1232,838
E92000001,921,England,E12000004,E,East Midlands,,,,90-100% least deprived,Urban,2772,2506,2089,2728,2708,2105,1254,915
E92000001,921,England,E12000004,E,East Midlands,,,,90-100% least deprived,Rural,1815,1602,1321,1774,1767,1332,810,547
E92000001,921,England,E12000005,F,West Midlands,,,,,,64225,54989,38475,61841,60628,38779,20306,12633
E92000001,921,England,E12000005,F,West Midlands,,,,0-10% most deprived,,9930,8212,4710,9396,9102,4748,2217,1096
E92000001,921,England,E12000005,F,West Midlands,,,,10-20%,,8678,7175,4259,8225,7985,4306,1932,999
E92000001,921,England,E12000005,F,West Midlands,,,,20-30%,,6582,5390,3411,6258,6093,3443,1608,868
E92000001,921,England,E12000005,F,West Midlands,,,,30-40%,,5790,4844,3266,5559,5449,3297,1587,932
E92000001,921,England,E12000005,F,West Midlands,,,,40-50%,,5624,4793,3418,5419,5319,3449,1797,1080
E92000001,921,England,E12000005,F,West Midlands,,,,50-60%,,5826,5018,3735,5636,5558,3760,1972,1261
E92000001,921,England,E12000005,F,West Midlands,,,,60-70%,,5759,5067,3888,5613,5533,3910,2141,1399
E92000001,921,England,E12000005,F,West Midlands,,,,70-80%,,5460,4840,3771,5345,5299,3801,2222,1526
E92000001,921,England,E12000005,F,West Midlands,,,,80-90%,,5391,4916,3993,5296,5234,4012,2383,1699
E92000001,921,England,E12000005,F,West Midlands,,,,90-100% least deprived,,5185,4734,4024,5094,5056,4053,2447,1773
E92000001,921,England,E12000005,F,West Midlands,,,,,Urban,55189,47386,32460,53055,51954,32717,16485,10089
E92000001,921,England,E12000005,F,West Midlands,,,,,Rural,9036,7603,6015,8786,8674,6062,3821,2544
E92000001,921,England,E12000005,F,West Midlands,,,,,Rural - town and fringe,3659,3009,2333,3534,3483,2351,1435,917
E92000001,921,England,E12000005,F,West Midlands,,,,,Rural - village,3403,2911,2311,3316,3269,2329,1489,1024
E92000001,921,England,E12000005,F,West Midlands,,,,,Rural - hamlet and isolated dwelling,1974,1683,1371,1936,1922,1382,897,603
E92000001,921,England,E12000005,F,West Midlands,,,,0-10% most deprived,Urban,9930,8212,4710,9396,9102,4748,2217,1096
E92000001,921,England,E12000005,F,West Midlands,,,,0-10% most deprived,Rural,0,0,0,0,0,0,0,0
E92000001,921,England,E12000005,F,West Midlands,,,,10-20%,Urban,8618,7128,4223,8168,7928,4270,1911,994
E92000001,921,England,E12000005,F,West Midlands,,,,10-20%,Rural,60,47,36,57,57,36,21,5
E92000001,921,England,E12000005,F,West Midlands,,,,20-30%,Urban,6363,5238,3316,6053,5891,3347,1551,841
E92000001,921,England,E12000005,F,West Midlands,,,,20-30%,Rural,219,152,95,205,202,96,57,27
E92000001,921,England,E12000005,F,West Midlands,,,,30-40%,Urban,5208,4400,2953,5001,4906,2982,1424,830
E92000001,921,England,E12000005,F,West Midlands,,,,30-40%,Rural,582,444,313,558,543,315,163,102
E92000001,921,England,E12000005,F,West Midlands,,,,40-50%,Urban,4910,4247,3016,4737,4655,3040,1534,924
E92000001,921,England,E12000005,F,West Midlands,,,,40-50%,Rural,714,546,402,682,664,409,263,156
E92000001,921,England,E12000005,F,West Midlands,,,,50-60%,Urban,4604,4007,2957,4459,4397,2974,1469,942
E92000001,921,England,E12000005,F,West Midlands,,,,50-60%,Rural,1222,1011,778,1177,1161,786,503,319
E92000001,921,England,E12000005,F,West Midlands,,,,60-70%,Urban,4093,3666,2792,3990,3931,2808,1424,956
E92000001,921,England,E12000005,F,West Midlands,,,,60-70%,Rural,1666,1401,1096,1623,1602,1102,717,443
E92000001,921,England,E12000005,F,West Midlands,,,,70-80%,Urban,3775,3392,2609,3696,3659,2631,1474,1009
E92000001,921,England,E12000005,F,West Midlands,,,,70-80%,Rural,1685,1448,1162,1649,1640,1170,748,517
E92000001,921,England,E12000005,F,West Midlands,,,,80-90%,Urban,3630,3358,2711,3571,3530,2723,1565,1122
E92000001,921,England,E12000005,F,West Midlands,,,,80-90%,Rural,1761,1558,1282,1725,1704,1289,818,577
E92000001,921,England,E12000005,F,West Midlands,,,,90-100% least deprived,Urban,4058,3738,3173,3984,3955,3194,1916,1375
E92000001,921,England,E12000005,F,West Midlands,,,,90-100% least deprived,Rural,1127,996,851,1110,1101,859,531,398
E92000001,921,England,E12000006,G,East,,,,,,64505,51275,38490,61783,60807,39115,23515,14724
E92000001,921,England,E12000006,G,East,,,,0-10% most deprived,,2565,1738,987,2313,2223,1012,489,231
E92000001,921,England,E12000006,G,East,,,,10-20%,,4734,3455,2094,4381,4217,2143,1092,521
E92000001,921,England,E12000006,G,East,,,,20-30%,,5979,4481,2839,5584,5466,2891,1486,773
E92000001,921,England,E12000006,G,East,,,,30-40%,,7135,5488,3819,6787,6658,3888,2181,1195
E92000001,921,England,E12000006,G,East,,,,40-50%,,7443,5792,4211,7105,6985,4283,2265,1339
E92000001,921,England,E12000006,G,East,,,,50-60%,,7806,6117,4699,7513,7410,4785,2871,1728
E92000001,921,England,E12000006,G,East,,,,60-70%,,8291,6708,5343,8026,7931,5432,3294,2076
E92000001,921,England,E12000006,G,East,,,,70-80%,,8363,6915,5562,8128,8042,5644,3596,2401
E92000001,921,England,E12000006,G,East,,,,80-90%,,6717,5734,4724,6575,6529,4782,3119,2153
E92000001,921,England,E12000006,G,East,,,,90-100% least deprived,,5472,4847,4212,5371,5346,4255,3122,2307
E92000001,921,England,E12000006,G,East,,,,,Urban,45336,36145,26467,43283,42524,26894,15770,9845
E92000001,921,England,E12000006,G,East,,,,,Rural,19169,15130,12023,18500,18283,12221,7745,4879
E92000001,921,England,E12000006,G,East,,,,,Rural - town and fringe,9124,7249,5671,8814,8701,5759,3619,2256
E92000001,921,England,E12000006,G,East,,,,,Rural - village,7706,6064,4867,7441,7365,4956,3179,2037
E92000001,921,England,E12000006,G,East,,,,,Rural - hamlet and isolated dwelling,2339,1817,1485,2245,2217,1506,947,586
E92000001,921,England,E12000006,G,East,,,,0-10% most deprived,Urban,2535,1718,975,2289,2199,1000,483,227
E92000001,921,England,E12000006,G,East,,,,0-10% most deprived,Rural,30,20,12,24,24,12,6,4
E92000001,921,England,E12000006,G,East,,,,10-20%,Urban,4664,3402,2054,4314,4153,2103,1070,511
E92000001,921,England,E12000006,G,East,,,,10-20%,Rural,70,53,40,67,64,40,22,10
E92000001,921,England,E12000006,G,East,,,,20-30%,Urban,5479,4121,2597,5114,5001,2648,1377,718
E92000001,921,England,E12000006,G,East,,,,20-30%,Rural,500,360,242,470,465,243,109,55
E92000001,921,England,E12000006,G,East,,,,30-40%,Urban,5927,4621,3188,5626,5522,3243,1816,1007
E92000001,921,England,E12000006,G,East,,,,30-40%,Rural,1208,867,631,1161,1136,645,365,188
E92000001,921,England,E12000006,G,East,,,,40-50%,Urban,5347,4222,3015,5107,5018,3062,1629,964
E92000001,921,England,E12000006,G,East,,,,40-50%,Rural,2096,1570,1196,1998,1967,1221,636,375
E92000001,921,England,E12000006,G,East,,,,50-60%,Urban,4500,3628,2795,4345,4280,2846,1679,1048
E92000001,921,England,E12000006,G,East,,,,50-60%,Rural,3306,2489,1904,3168,3130,1939,1192,680
E92000001,921,England,E12000006,G,East,,,,60-70%,Urban,4491,3709,2924,4366,4318,2968,1782,1138
E92000001,921,England,E12000006,G,East,,,,60-70%,Rural,3800,2999,2419,3660,3613,2464,1512,938
E92000001,921,England,E12000006,G,East,,,,70-80%,Urban,4637,3890,3127,4512,4466,3175,1970,1336
E92000001,921,England,E12000006,G,East,,,,70-80%,Rural,3726,3025,2435,3616,3576,2469,1626,1065
E92000001,921,England,E12000006,G,East,,,,80-90%,Urban,3870,3369,2754,3792,3768,2781,1727,1216
E92000001,921,England,E12000006,G,East,,,,80-90%,Rural,2847,2365,1970,2783,2761,2001,1392,937
E92000001,921,England,E12000006,G,East,,,,90-100% least deprived,Urban,3886,3465,3038,3818,3799,3068,2237,1680
E92000001,921,England,E12000006,G,East,,,,90-100% least deprived,Rural,1586,1382,1174,1553,1547,1187,885,627
E92000001,921,England,E12000007,H,London,,,,,,76837,64976,50173,74133,72977,50805,32932,22164
E92000001,921,England,E12000007,H,London,,,,0-10% most deprived,,22409,18151,13131,21440,21008,13338,7995,4820
E92000001,921,England,E12000007,H,London,,,,10-20%,,15331,12584,9320,14688,14421,9461,5875,3655
E92000001,921,England,E12000007,H,London,,,,20-30%,,11080,9303,7129,10674,10476,7217,4634,3066
E92000001,921,England,E12000007,H,London,,,,30-40%,,7467,6401,5014,7224,7132,5075,3368,2294
E92000001,921,England,E12000007,H,London,,,,40-50%,,5340,4670,3775,5208,5153,3823,2596,1890
E92000001,921,England,E12000007,H,London,,,,50-60%,,4009,3553,2956,3898,3874,2977,2059,1481
E92000001,921,England,E12000007,H,London,,,,60-70%,,3640,3293,2742,3561,3524,2768,1893,1438
E92000001,921,England,E12000007,H,London,,,,70-80%,,3010,2766,2336,2955,2934,2359,1684,1284
E92000001,921,England,E12000007,H,London,,,,80-90%,,2694,2484,2194,2650,2631,2207,1655,1317
E92000001,921,England,E12000007,H,London,,,,90-100% least deprived,,1857,1771,1576,1835,1824,1580,1173,919
E92000001,921,England,E12000007,H,London,,,,,Urban,76694,64849,50086,73998,72843,50717,32893,22142
E92000001,921,England,E12000007,H,London,,,,,Rural,143,127,87,135,134,88,39,22
E92000001,921,England,E12000007,H,London,,,,,Rural - town and fringe,72,67,42,68,68,43,7,4
E92000001,921,England,E12000007,H,London,,,,,Rural - village,42,35,29,x,x,29,18,10
E92000001,921,England,E12000007,H,London,,,,,Rural - hamlet and isolated dwelling,29,25,16,x,x,16,14,8
E92000001,921,England,E12000007,H,London,,,,0-10% most deprived,Urban,22405,18147,x,21436,21004,x,x,x
E92000001,921,England,E12000007,H,London,,,,0-10% most deprived,Rural,4,4,x,4,4,x,x,x
E92000001,921,England,E12000007,H,London,,,,10-20%,Urban,x,x,x,x,x,x,x,x
E92000001,921,England,E12000007,H,London,,,,10-20%,Rural,x,x,x,x,x,x,x,x
E92000001,921,England,E12000007,H,London,,,,20-30%,Urban,11031,9260,7104,10630,10432,7192,4627,3062
E92000001,921,England,E12000007,H,London,,,,20-30%,Rural,49,43,25,44,44,25,7,4
E92000001,921,England,E12000007,H,London,,,,30-40%,Urban,7467,6401,5014,7224,7132,5075,3368,2294
E92000001,921,England,E12000007,H,London,,,,30-40%,Rural,0,0,0,0,0,0,0,0
E92000001,921,England,E12000007,H,London,,,,40-50%,Urban,5302,4635,3751,x,x,3799,2585,1885
E92000001,921,England,E12000007,H,London,,,,40-50%,Rural,38,35,24,x,x,24,11,5
E92000001,921,England,E12000007,H,London,,,,50-60%,Urban,3997,3541,2948,3886,3862,2969,2056,x
E92000001,921,England,E12000007,H,London,,,,50-60%,Rural,12,12,8,12,12,8,3,x
E92000001,921,England,E12000007,H,London,,,,60-70%,Urban,x,x,x,x,x,x,x,x
E92000001,921,England,E12000007,H,London,,,,60-70%,Rural,x,x,x,x,x,x,x,x
E92000001,921,England,E12000007,H,London,,,,70-80%,Urban,2997,2756,2328,x,2924,2351,1679,1280
E92000001,921,England,E12000007,H,London,,,,70-80%,Rural,13,10,8,x,10,8,5,4
E92000001,921,England,E12000007,H,London,,,,80-90%,Urban,2675,x,2179,2631,2612,2192,1647,1310
E92000001,921,England,E12000007,H,London,,,,80-90%,Rural,19,x,15,19,19,15,8,7
E92000001,921,England,E12000007,H,London,,,,90-100% least deprived,Urban,1857,1771,1576,1835,1824,1580,1173,919
E92000001,921,England,E12000007,H,London,,,,90-100% least deprived,Rural,0,0,0,0,0,0,0,0
E92000001,921,England,E12000008,J,South East,,,,,,89036,73345,55526,85351,84040,56243,32191,21752
E92000001,921,England,E12000008,J,South East,,,,0-10% most deprived,,2898,2152,1230,2636,2533,1261,476,229
E92000001,921,England,E12000008,J,South East,,,,10-20%,,5439,4030,2363,4988,4831,2397,1009,498
E92000001,921,England,E12000008,J,South East,,,,20-30%,,7729,5811,3676,7247,7075,3742,1718,910
E92000001,921,England,E12000008,J,South East,,,,30-40%,,9773,7610,5188,9213,9036,5280,2512,1523
E92000001,921,England,E12000008,J,South East,,,,40-50%,,9648,7763,5582,9220,9036,5670,2950,1823
E92000001,921,England,E12000008,J,South East,,,,50-60%,,9714,7975,5944,9337,9236,6028,3395,2190
E92000001,921,England,E12000008,J,South East,,,,60-70%,,10184,8655,6817,9880,9760,6893,4101,2757
E92000001,921,England,E12000008,J,South East,,,,70-80%,,10304,8754,7125,10010,9898,7208,4487,3121
E92000001,921,England,E12000008,J,South East,,,,80-90%,,10593,9231,7741,10321,10213,7824,4934,3643
E92000001,921,England,E12000008,J,South East,,,,90-100% least deprived,,12754,11364,9860,12499,12422,9940,6609,5058
E92000001,921,England,E12000008,J,South East,,,,,Urban,70424,57776,42977,67370,66269,43554,24525,16205
E92000001,921,England,E12000008,J,South East,,,,,Rural,18612,15569,12549,17981,17771,12689,7666,5547
E92000001,921,England,E12000008,J,South East,,,,,Rural - town and fringe,8691,7189,5680,8387,8295,5750,3354,2361
E92000001,921,England,E12000008,J,South East,,,,,Rural - village,6906,5783,4733,6680,6595,4784,2954,2191
E92000001,921,England,E12000008,J,South East,,,,,Rural - hamlet and isolated dwelling,3015,2597,2136,2914,2881,2155,1358,995
E92000001,921,England,E12000008,J,South East,,,,0-10% most deprived,Urban,2890,2148,1227,x,x,1258,x,x
E92000001,921,England,E12000008,J,South East,,,,0-10% most deprived,Rural,8,4,3,x,x,3,x,x
E92000001,921,England,E12000008,J,South East,,,,10-20%,Urban,5312,3930,2309,x,x,2343,x,492
E92000001,921,England,E12000008,J,South East,,,,10-20%,Rural,127,100,54,x,x,54,x,6
E92000001,921,England,E12000008,J,South East,,,,20-30%,Urban,7274,5470,3470,6822,6658,3532,1620,851
E92000001,921,England,E12000008,J,South East,,,,20-30%,Rural,455,341,206,425,417,210,98,59
E92000001,921,England,E12000008,J,South East,,,,30-40%,Urban,8655,6796,4638,8167,8007,4716,2249,1349
E92000001,921,England,E12000008,J,South East,,,,30-40%,Rural,1118,814,550,1046,1029,564,263,174
E92000001,921,England,E12000008,J,South East,,,,40-50%,Urban,8221,6615,4732,7870,7710,4810,2513,1544
E92000001,921,England,E12000008,J,South East,,,,40-50%,Rural,1427,1148,850,1350,1326,860,437,279
E92000001,921,England,E12000008,J,South East,,,,50-60%,Urban,7503,6174,4576,7206,7141,4640,2613,1662
E92000001,921,England,E12000008,J,South East,,,,50-60%,Rural,2211,1801,1368,2131,2095,1388,782,528
E92000001,921,England,E12000008,J,South East,,,,60-70%,Urban,7513,6409,5020,7287,7196,5074,3007,1970
E92000001,921,England,E12000008,J,South East,,,,60-70%,Rural,2671,2246,1797,2593,2564,1819,1094,787
E92000001,921,England,E12000008,J,South East,,,,70-80%,Urban,6979,5953,4819,6786,6707,4876,3021,2081
E92000001,921,England,E12000008,J,South East,,,,70-80%,Rural,3325,2801,2306,3224,3191,2332,1466,1040
E92000001,921,England,E12000008,J,South East,,,,80-90%,Urban,6907,6071,5081,6750,6686,5143,3249,2370
E92000001,921,England,E12000008,J,South East,,,,80-90%,Rural,3686,3160,2660,3571,3527,2681,1685,1273
E92000001,921,England,E12000008,J,South East,,,,90-100% least deprived,Urban,9170,8210,7105,8985,8924,7162,4784,3657
E92000001,921,England,E12000008,J,South East,,,,90-100% least deprived,Rural,3584,3154,2755,3514,3498,2778,1825,1401
E92000001,921,England,E12000009,K,South West,,,,,,56107,44766,33364,53917,52842,33855,20194,12779
E92000001,921,England,E12000009,K,South West,,,,0-10% most deprived,,2147,1566,782,1969,1880,797,269,121
E92000001,921,England,E12000009,K,South West,,,,10-20%,,2981,2175,1296,2735,2664,1321,617,304
E92000001,921,England,E12000009,K,South West,,,,20-30%,,4949,3597,2329,4659,4522,2375,1194,657
E92000001,921,England,E12000009,K,South West,,,,30-40%,,5853,4430,3022,5563,5463,3082,1695,911
E92000001,921,England,E12000009,K,South West,,,,40-50%,,7602,5927,4337,7328,7192,4421,2655,1586
E92000001,921,England,E12000009,K,South West,,,,50-60%,,8793,7079,5482,8494,8361,5557,3352,2095
E92000001,921,England,E12000009,K,South West,,,,60-70%,,7632,6267,4919,7403,7306,4994,3006,1959
E92000001,921,England,E12000009,K,South West,,,,70-80%,,6760,5613,4492,6593,6470,4548,2916,1936
E92000001,921,England,E12000009,K,South West,,,,80-90%,,5850,4972,4065,5710,5593,4104,2723,1912
E92000001,921,England,E12000009,K,South West,,,,90-100% least deprived,,3540,3140,2640,3463,3391,2656,1767,1298
E92000001,921,England,E12000009,K,South West,,,,,Urban,37111,29518,21406,35509,34759,21718,12271,7648
E92000001,921,England,E12000009,K,South West,,,,,Rural,18996,15248,11958,18408,18083,12137,7923,5131
E92000001,921,England,E12000009,K,South West,,,,,Rural - town and fringe,8412,6565,5022,8125,7980,5108,3254,2012
E92000001,921,England,E12000009,K,South West,,,,,Rural - village,7317,5958,4741,7104,6967,4808,3183,2115
E92000001,921,England,E12000009,K,South West,,,,,Rural - hamlet and isolated dwelling,3267,2725,2195,3179,3136,2221,1486,1004
E92000001,921,England,E12000009,K,South West,,,,0-10% most deprived,Urban,x,x,x,x,x,x,x,x
E92000001,921,England,E12000009,K,South West,,,,0-10% most deprived,Rural,x,x,x,x,x,x,x,x
E92000001,921,England,E12000009,K,South West,,,,10-20%,Urban,x,x,x,x,x,x,x,x
E92000001,921,England,E12000009,K,South West,,,,10-20%,Rural,x,x,x,x,x,x,x,x
E92000001,921,England,E12000009,K,South West,,,,20-30%,Urban,4221,3123,2008,3972,3860,2041,990,548
E92000001,921,England,E12000009,K,South West,,,,20-30%,Rural,728,474,321,687,662,334,204,109
E92000001,921,England,E12000009,K,South West,,,,30-40%,Urban,4555,3449,2311,4321,4231,2356,1275,691
E92000001,921,England,E12000009,K,South West,,,,30-40%,Rural,1298,981,711,1242,1232,726,420,220
E92000001,921,England,E12000009,K,South West,,,,40-50%,Urban,4746,3735,2682,4568,4490,2731,1496,895
E92000001,921,England,E12000009,K,South West,,,,40-50%,Rural,2856,2192,1655,2760,2702,1690,1159,691
E92000001,921,England,E12000009,K,South West,,,,50-60%,Urban,4773,3854,2953,4602,4538,2988,1699,1035
E92000001,921,England,E12000009,K,South West,,,,50-60%,Rural,4020,3225,2529,3892,3823,2569,1653,1060
E92000001,921,England,E12000009,K,South West,,,,60-70%,Urban,4006,3311,2550,3888,3827,2592,1481,946
E92000001,921,England,E12000009,K,South West,,,,60-70%,Rural,3626,2956,2369,3515,3479,2402,1525,1013
E92000001,921,England,E12000009,K,South West,,,,70-80%,Urban,3563,2969,2390,3469,3410,2426,1499,987
E92000001,921,England,E12000009,K,South West,,,,70-80%,Rural,3197,2644,2102,3124,3060,2122,1417,949
E92000001,921,England,E12000009,K,South West,,,,80-90%,Urban,3579,3040,2486,3491,3420,2507,1616,1127
E92000001,921,England,E12000009,K,South West,,,,80-90%,Rural,2271,1932,1579,2219,2173,1597,1107,785
E92000001,921,England,E12000009,K,South West,,,,90-100% least deprived,Urban,2705,2406,2019,2647,2589,2031,1375,1018
E92000001,921,England,E12000009,K,South West,,,,90-100% least deprived,Rural,835,734,621,816,802,625,392,280
E92000001,921,England,E12000001,A,North East,E06000047,00EJ,County Durham UA,,,5698,5190,3591,5508,5433,3608,2234,1221
E92000001,921,England,E12000001,A,North East,E06000005,00EH,Darlington UA,,,1161,1042,754,1109,1096,756,345,208
E92000001,921,England,E12000001,A,North East,E06000001,00EB,Hartlepool UA,,,1165,939,691,1112,1098,702,423,211
E92000001,921,England,E12000001,A,North East,E06000002,00EC,Middlesbrough UA,,,1698,1439,892,1610,1548,898,304,198
E92000001,921,England,E12000001,A,North East,E06000048,00EM,Northumberland UA,,,3479,2932,1915,3274,3241,1923,1142,700
E92000001,921,England,E12000001,A,North East,E06000003,00EE,Redcar and Cleveland UA,,,1626,1335,866,1538,1504,871,383,237
E92000001,921,England,E12000001,A,North East,E06000004,00EF,Stockton-on-Tees UA,,,2204,1794,1265,2094,2040,1281,659,426
E92000001,921,England,E12000001,A,North East,E08000020,00CH,Gateshead,,,2103,1892,1290,1996,1974,1296,722,490
E92000001,921,England,E12000001,A,North East,E08000021,00CJ,Newcastle upon Tyne,,,2628,2368,1518,2486,2436,1526,843,600
E92000001,921,England,E12000001,A,North East,E08000022,00CK,North Tyneside,,,2160,1950,1410,2087,2052,1416,655,468
E92000001,921,England,E12000001,A,North East,E08000023,00CL,South Tyneside,,,1698,1578,1003,1653,1614,1007,544,291
E92000001,921,England,E12000001,A,North East,E08000024,00CM,Sunderland,,,3165,2835,1896,3022,2944,1909,1243,640
E92000001,921,England,E12000002,B,North West,E06000008,00EX,Blackburn with Darwen UA,,,1852,1464,1105,1785,1757,1136,543,333
E92000001,921,England,E12000002,B,North West,E06000009,00EY,Blackpool UA,,,1708,1368,818,1634,1582,824,397,230
E92000001,921,England,E12000002,B,North West,E06000049,00EQ,Cheshire East UA,,,3973,3358,2515,3851,3775,2532,1505,1037
E92000001,921,England,E12000002,B,North West,E06000050,00EW,Cheshire West and Chester UA,,,3675,3048,2315,3534,3491,2342,1192,845
E92000001,921,England,E12000002,B,North West,E06000006,00ET,Halton UA,,,1515,1315,961,1455,1433,971,684,373
E92000001,921,England,E12000002,B,North West,E06000007,00EU,Warrington UA,,,2392,1997,1581,2313,2293,1614,1095,668
E92000001,921,England,E12000002,B,North West,E07000026,16UB,Allerdale,,,1143,912,659,1101,1082,665,446,306
E92000001,921,England,E12000002,B,North West,E07000027,16UC,Barrow-in-Furness,,,832,599,425,779,760,430,137,95
E92000001,921,England,E12000002,B,North West,E07000028,16UD,Carlisle,,,1125,877,595,1071,1054,601,399,239
E92000001,921,England,E12000002,B,North West,E07000029,16UE,Copeland,,,806,721,417,773,761,418,108,84
E92000001,921,England,E12000002,B,North West,E07000030,16UF,Eden,,,589,539,373,571,561,373,225,166
E92000001,921,England,E12000002,B,North West,E07000031,16UG,South Lakeland,,,1048,837,646,1022,1008,666,353,247
E92000001,921,England,E12000002,B,North West,E08000001,00BL,Bolton,,,3365,2891,2023,3237,3178,2051,1021,597
E92000001,921,England,E12000002,B,North West,E08000002,00BM,Bury,,,2070,1745,1340,2024,2009,1348,814,567
E92000001,921,England,E12000002,B,North West,E08000003,00BN,Manchester,,,5014,4053,2638,4664,4537,2670,1530,928
E92000001,921,England,E12000002,B,North West,E08000004,00BP,Oldham ,,,2876,2398,1623,2757,2694,1653,707,400
E92000001,921,England,E12000002,B,North West,E08000005,00BQ,Rochdale,,,2613,2133,1500,2490,2430,1528,938,522
E92000001,921,England,E12000002,B,North West,E08000006,00BR,Salford,,,2378,2038,1330,2292,2220,1338,749,424
E92000001,921,England,E12000002,B,North West,E08000007,00BS,Stockport,,,3013,2581,2020,2887,2864,2049,1393,926
E92000001,921,England,E12000002,B,North West,E08000008,00BT,Tameside,,,2580,2159,1546,2462,2418,1569,931,526
E92000001,921,England,E12000002,B,North West,E08000009,00BU,Trafford,,,2598,2283,1781,2526,2514,1793,1157,870
E92000001,921,England,E12000002,B,North West,E08000010,00BW,Wigan,,,3702,2994,2356,3576,3530,2397,1483,916
E92000001,921,England,E12000002,B,North West,E07000117,30UD,Burnley,,,1059,797,506,993,973,509,334,170
E92000001,921,England,E12000002,B,North West,E07000118,30UE,Chorley,,,1159,973,774,1119,1104,782,507,345
E92000001,921,England,E12000002,B,North West,E07000119,30UF,Fylde,,,680,627,443,668,658,443,269,197
E92000001,921,England,E12000002,B,North West,E07000120,30UG,Hyndburn,,,1013,800,582,960,940,592,314,188
E92000001,921,England,E12000002,B,North West,E07000121,30UH,Lancaster,,,1489,1297,936,1424,1410,949,696,405
E92000001,921,England,E12000002,B,North West,E07000122,30UJ,Pendle,,,1019,823,557,957,948,560,333,198
E92000001,921,England,E12000002,B,North West,E07000123,30UK,Preston,,,1562,1251,916,1476,1459,932,401,291
E92000001,921,England,E12000002,B,North West,E07000124,30UL,Ribble Valley,,,648,550,470,634,623,472,266,218
E92000001,921,England,E12000002,B,North West,E07000125,30UM,Rossendale,,,806,623,467,766,752,470,313,191
E92000001,921,England,E12000002,B,North West,E07000126,30UN,South Ribble,,,1265,1016,834,1234,1228,853,526,338
E92000001,921,England,E12000002,B,North West,E07000127,30UP,West Lancashire,,,1313,1125,854,1273,1253,861,625,411
E92000001,921,England,E12000002,B,North West,E07000128,30UQ,Wyre,,,1153,1027,738,1105,1077,742,455,253
E92000001,921,England,E12000002,B,North West,E08000011,00BX,Knowsley ,,,1934,1549,990,1803,1776,1006,506,306
E92000001,921,England,E12000002,B,North West,E08000012,00BY,Liverpool,,,4897,4123,2664,4617,4526,2705,1655,1004
E92000001,921,England,E12000002,B,North West,E08000014,00CA,Sefton,,,3146,2713,1932,3015,2984,1944,1181,742
E92000001,921,England,E12000002,B,North West,E08000013,00BZ,St. Helens,,,2038,1770,1131,1971,1927,1140,589,361
E92000001,921,England,E12000002,B,North West,E08000015,00CB,Wirral,,,3689,3196,2422,3549,3521,2451,1508,1129
E92000001,921,England,E12000003,D,Yorkshire and the Humber,E06000011,00FB,East Riding of Yorkshire UA,,,3641,3047,2252,3544,3502,2273,1314,828
E92000001,921,England,E12000003,D,Yorkshire and the Humber,E06000010,00FA,"Kingston upon Hull, City of UA",,,2729,2376,1362,2630,2558,1370,726,377
E92000001,921,England,E12000003,D,Yorkshire and the Humber,E06000012,00FC,North East Lincolnshire UA,,,1915,1663,1133,1813,1779,1138,550,357
E92000001,921,England,E12000003,D,Yorkshire and the Humber,E06000013,00FD,North Lincolnshire UA,,,1897,1702,1113,1848,1818,1119,669,404
E92000001,921,England,E12000003,D,Yorkshire and the Humber,E06000014,00FF,York UA,,,1775,1539,1192,1745,1730,1199,723,476
E92000001,921,England,E12000003,D,Yorkshire and the Humber,E07000163,36UB,Craven,,,612,563,407,605,601,408,222,176
E92000001,921,England,E12000003,D,Yorkshire and the Humber,E07000164,36UC,Hambleton,,,895,680,570,871,826,578,456,314
E92000001,921,England,E12000003,D,Yorkshire and the Humber,E07000165,36UD,Harrogate,,,1662,1506,1224,1631,1610,1234,820,626
E92000001,921,England,E12000003,D,Yorkshire and the Humber,E07000166,36UE,Richmondshire,,,529,418,339,514,510,342,207,134
E92000001,921,England,E12000003,D,Yorkshire and the Humber,E07000167,36UF,Ryedale,,,545,465,371,536,532,372,237,158
E92000001,921,England,E12000003,D,Yorkshire and the Humber,E07000168,36UG,Scarborough,,,1170,954,649,1116,1103,650,278,202
E92000001,921,England,E12000003,D,Yorkshire and the Humber,E07000169,36UH,Selby,,,915,747,557,891,887,568,274,168
E92000001,921,England,E12000003,D,Yorkshire and the Humber,E08000016,00CC,Barnsley,,,2774,2193,1448,2661,2607,1465,601,345
E92000001,921,England,E12000003,D,Yorkshire and the Humber,E08000017,00CE,Doncaster,,,3445,2973,1946,3300,3217,1963,831,496
E92000001,921,England,E12000003,D,Yorkshire and the Humber,E08000018,00CF,Rotherham ,,,3206,2715,2025,3060,2998,2041,926,596
E92000001,921,England,E12000003,D,Yorkshire and the Humber,E08000019,00CG,Sheffield,,,5661,4342,3258,5294,5180,3336,1781,1083
E92000001,921,England,E12000003,D,Yorkshire and the Humber,E08000032,00CX,Bradford,,,6167,5181,3372,5890,5736,3411,1787,1143
E92000001,921,England,E12000003,D,Yorkshire and the Humber,E08000033,00CY,Calderdale,,,2409,2178,1566,2350,2305,1569,842,565
E92000001,921,England,E12000003,D,Yorkshire and the Humber,E08000034,00CZ,Kirklees ,,,4845,4121,3045,4725,4687,3088,1645,1050
E92000001,921,England,E12000003,D,Yorkshire and the Humber,E08000035,00DA,Leeds,,,7644,6599,4401,7318,7136,4433,2405,1532
E92000001,921,England,E12000003,D,Yorkshire and the Humber,E08000036,00DB,Wakefield,,,3764,3334,2475,3610,3568,2483,923,627
E92000001,921,England,E12000004,E,East Midlands,E06000015,00FK,Derby UA,,,2827,2297,1566,2701,2659,1598,827,568
E92000001,921,England,E12000004,E,East Midlands,E06000016,00FN,Leicester UA,,,3933,3102,2123,3699,3614,2142,1260,759
E92000001,921,England,E12000004,E,East Midlands,E06000018,00FY,Nottingham UA,,,3020,2377,1482,2766,2668,1502,763,420
E92000001,921,England,E12000004,E,East Midlands,E06000017,00FP,Rutland UA,,,306,260,209,302,302,210,156,92
E92000001,921,England,E12000004,E,East Midlands,E07000032,17UB,Amber Valley,,,1430,1189,852,1369,1348,860,424,284
E92000001,921,England,E12000004,E,East Midlands,E07000033,17UC,Bolsover,,,885,717,469,861,852,476,285,159
E92000001,921,England,E12000004,E,East Midlands,E07000034,17UD,Chesterfield,,,1151,891,663,1109,1097,671,403,246
E92000001,921,England,E12000004,E,East Midlands,E07000035,17UF,Derbyshire Dales,,,759,623,522,740,729,527,240,188
E92000001,921,England,E12000004,E,East Midlands,E07000036,17UG,Erewash,,,1216,1009,743,1172,1159,749,343,228
E92000001,921,England,E12000004,E,East Midlands,E07000037,17UH,High Peak,,,1043,908,640,1015,1001,649,263,185
E92000001,921,England,E12000004,E,East Midlands,E07000038,17UJ,North East Derbyshire,,,1025,862,616,989,979,625,240,158
E92000001,921,England,E12000004,E,East Midlands,E07000039,17UK,South Derbyshire,,,1053,819,578,1007,995,586,254,175
E92000001,921,England,E12000004,E,East Midlands,E07000129,31UB,Blaby,,,1110,950,685,1072,1062,694,238,148
E92000001,921,England,E12000004,E,East Midlands,E07000130,31UC,Charnwood,,,1557,1253,864,1482,1475,873,360,222
E92000001,921,England,E12000004,E,East Midlands,E07000131,31UD,Harborough,,,939,733,599,908,896,610,225,155
E92000001,921,England,E12000004,E,East Midlands,E07000132,31UE,Hinckley and Bosworth,,,1027,883,629,986,979,637,239,142
E92000001,921,England,E12000004,E,East Midlands,E07000133,31UG,Melton,,,570,511,382,555,549,382,184,158
E92000001,921,England,E12000004,E,East Midlands,E07000134,31UH,North West Leicestershire,,,1080,900,637,1036,1024,639,469,281
E92000001,921,England,E12000004,E,East Midlands,E07000135,31UJ,Oadby and Wigston,,,665,532,429,649,641,433,176,130
E92000001,921,England,E12000004,E,East Midlands,E07000136,32UB,Boston,,,701,528,350,667,651,355,171,74
E92000001,921,England,E12000004,E,East Midlands,E07000137,32UC,East Lindsey,,,1458,1224,905,1415,1400,917,556,335
E92000001,921,England,E12000004,E,East Midlands,E07000138,32UD,Lincoln,,,891,768,456,854,836,458,351,187
E92000001,921,England,E12000004,E,East Midlands,E07000139,32UE,North Kesteven,,,1320,1193,883,1286,1278,888,719,474
E92000001,921,England,E12000004,E,East Midlands,E07000140,32UF,South Holland,,,990,776,573,959,936,581,401,208
E92000001,921,England,E12000004,E,East Midlands,E07000141,32UG,South Kesteven,,,1555,1319,1017,1504,1487,1034,707,471
E92000001,921,England,E12000004,E,East Midlands,E07000142,32UH,West Lindsey,,,1056,902,646,1014,1003,658,523,287
E92000001,921,England,E12000004,E,East Midlands,E07000150,34UB,Corby,,,786,672,403,753,730,404,212,111
E92000001,921,England,E12000004,E,East Midlands,E07000151,34UC,Daventry,,,887,679,552,859,849,574,393,258
E92000001,921,England,E12000004,E,East Midlands,E07000152,34UD,East Northamptonshire,,,1013,801,534,965,956,541,443,247
E92000001,921,England,E12000004,E,East Midlands,E07000153,34UE,Kettering,,,1117,889,642,1066,1049,649,448,240
E92000001,921,England,E12000004,E,East Midlands,E07000154,34UF,Northampton,,,2316,1861,1305,2191,2154,1332,841,471
E92000001,921,England,E12000004,E,East Midlands,E07000155,34UG,South Northamptonshire,,,1026,839,725,1007,1001,739,382,234
E92000001,921,England,E12000004,E,East Midlands,E07000156,34UH,Wellingborough,,,902,704,530,851,837,537,280,169
E92000001,921,England,E12000004,E,East Midlands,E07000170,37UB,Ashfield,,,1419,1214,828,1350,1329,833,542,305
E92000001,921,England,E12000004,E,East Midlands,E07000171,37UC,Bassetlaw,,,1270,1200,882,1241,1215,888,411,270
E92000001,921,England,E12000004,E,East Midlands,E07000172,37UD,Broxtowe,,,1065,907,668,1037,1025,674,353,241
E92000001,921,England,E12000004,E,East Midlands,E07000173,37UE,Gedling,,,1205,1096,811,1169,1142,811,409,272
E92000001,921,England,E12000004,E,East Midlands,E07000174,37UF,Mansfield,,,1206,1014,687,1164,1149,693,383,187
E92000001,921,England,E12000004,E,East Midlands,E07000175,37UG,Newark and Sherwood,,,1268,1068,772,1202,1190,781,535,298
E92000001,921,England,E12000004,E,East Midlands,E07000176,37UJ,Rushcliffe,,,1133,1075,913,1118,1113,914,588,453
E92000001,921,England,E12000005,F,West Midlands,E06000019,00GA,"Herefordshire, County of UA",,,1824,1541,1022,1761,1715,1026,702,419
E92000001,921,England,E12000005,F,West Midlands,E06000051,00GG,Shropshire UA,,,3168,2516,1938,3066,3022,1959,1201,772
E92000001,921,England,E12000005,F,West Midlands,E06000021,00GL,Stoke-on-Trent UA,,,2867,2383,1439,2723,2677,1447,856,432
E92000001,921,England,E12000005,F,West Midlands,E06000020,00GF,Telford and Wrekin UA,,,2034,1773,1136,1948,1911,1139,632,371
E92000001,921,England,E12000005,F,West Midlands,E07000192,41UB,Cannock Chase,,,1186,1013,673,1139,1125,676,246,156
E92000001,921,England,E12000005,F,West Midlands,E07000193,41UC,East Staffordshire,,,1309,1077,804,1263,1209,812,512,280
E92000001,921,England,E12000005,F,West Midlands,E07000194,41UD,Lichfield,,,1175,1027,754,1140,1131,764,440,302
E92000001,921,England,E12000005,F,West Midlands,E07000195,41UE,Newcastle-under-Lyme,,,1354,1113,836,1301,1281,852,511,271
E92000001,921,England,E12000005,F,West Midlands,E07000196,41UF,South Staffordshire,,,1196,998,726,1141,1116,734,349,243
E92000001,921,England,E12000005,F,West Midlands,E07000197,41UG,Stafford,,,1312,1055,860,1263,1252,875,530,309
E92000001,921,England,E12000005,F,West Midlands,E07000198,41UH,Staffordshire Moorlands,,,1030,877,626,995,990,630,550,308
E92000001,921,England,E12000005,F,West Midlands,E07000199,41UK,Tamworth,,,989,866,523,952,931,527,243,142
E92000001,921,England,E12000005,F,West Midlands,E07000218,44UB,North Warwickshire,,,703,570,426,684,674,427,192,110
E92000001,921,England,E12000005,F,West Midlands,E07000219,44UC,Nuneaton and Bedworth,,,1529,1372,867,1478,1458,871,297,180
E92000001,921,England,E12000005,F,West Midlands,E07000220,44UD,Rugby,,,1098,926,725,1048,1030,729,333,236
E92000001,921,England,E12000005,F,West Midlands,E07000221,44UE,Stratford-on-Avon,,,1254,1079,893,1218,1202,896,460,351
E92000001,921,England,E12000005,F,West Midlands,E07000222,44UF,Warwick,,,1181,1061,837,1150,1144,840,435,348
E92000001,921,England,E12000005,F,West Midlands,E08000025,00CN,Birmingham,,,12989,11364,7681,12545,12213,7749,4198,2640
E92000001,921,England,E12000005,F,West Midlands,E08000026,00CQ,Coventry,,,3607,3145,2039,3475,3404,2052,1170,654
E92000001,921,England,E12000005,F,West Midlands,E08000027,00CR,Dudley ,,,3691,3030,2256,3558,3476,2278,1009,633
E92000001,921,England,E12000005,F,West Midlands,E08000028,00CS,Sandwell ,,,3932,3426,2190,3782,3687,2202,816,482
E92000001,921,England,E12000005,F,West Midlands,E08000029,00CT,Solihull,,,2491,2257,1726,2432,2384,1739,1012,701
E92000001,921,England,E12000005,F,West Midlands,E08000030,00CU,Walsall,,,3282,2832,1893,3097,3033,1905,824,501
E92000001,921,England,E12000005,F,West Midlands,E08000031,00CW,Wolverhampton,,,2970,2597,1774,2836,2786,1781,747,421
E92000001,921,England,E12000005,F,West Midlands,E07000234,47UB,Bromsgrove,,,1031,927,735,1003,995,746,518,356
E92000001,921,England,E12000005,F,West Midlands,E07000235,47UC,Malvern Hills,,,751,561,454,720,708,456,264,174
E92000001,921,England,E12000005,F,West Midlands,E07000236,47UD,Redditch,,,1019,919,694,986,980,698,241,176
E92000001,921,England,E12000005,F,West Midlands,E07000237,47UE,Worcester,,,1028,890,616,999,986,622,243,161
E92000001,921,England,E12000005,F,West Midlands,E07000238,47UF,Wychavon,,,1195,931,723,1149,1136,729,498,318
E92000001,921,England,E12000005,F,West Midlands,E07000239,47UG,Wyre Forest,,,1030,863,609,989,972,618,277,186
E92000001,921,England,E12000006,G,East,E06000055,00KB,Bedford UA,,,1771,1405,1035,1695,1673,1057,471,301
E92000001,921,England,E12000006,G,East,E06000056,00KC,Central Bedfordshire UA,,,2922,2424,1731,2808,2772,1746,945,596
E92000001,921,England,E12000006,G,East,E06000032,00KA,Luton UA,,,2507,2132,1477,2426,2381,1500,931,499
E92000001,921,England,E12000006,G,East,E06000031,00JA,Peterborough UA,,,2162,1853,1202,2041,2005,1221,679,384
E92000001,921,England,E12000006,G,East,E06000033,00KF,Southend-on-Sea UA,,,2051,1645,1174,1906,1875,1184,544,425
E92000001,921,England,E12000006,G,East,E06000034,00KG,Thurrock UA,,,2043,1769,1231,1987,1945,1243,645,400
E92000001,921,England,E12000006,G,East,E07000008,12UB,Cambridge,,,756,596,478,713,708,496,416,287
E92000001,921,England,E12000006,G,East,E07000009,12UC,East Cambridgeshire,,,831,655,507,790,784,516,435,247
E92000001,921,England,E12000006,G,East,E07000010,12UD,Fenland,,,1052,776,560,986,972,578,269,125
E92000001,921,England,E12000006,G,East,E07000011,12UE,Huntingdonshire,,,1935,1453,1108,1829,1797,1142,824,466
E92000001,921,England,E12000006,G,East,E07000012,12UG,South Cambridgeshire,,,1586,1401,1121,1542,1528,1133,913,640
E92000001,921,England,E12000006,G,East,E07000066,22UB,Basildon,,,2128,1719,1242,2010,1960,1261,781,462
E92000001,921,England,E12000006,G,East,E07000067,22UC,Braintree,,,1698,1274,947,1629,1609,965,465,288
E92000001,921,England,E12000006,G,East,E07000068,22UD,Brentwood,,,789,636,553,756,750,568,247,178
E92000001,921,England,E12000006,G,East,E07000069,22UE,Castle Point,,,1097,969,666,1041,1024,671,382,231
E92000001,921,England,E12000006,G,East,E07000070,22UF,Chelmsford,,,1903,1488,1153,1811,1796,1171,677,488
E92000001,921,England,E12000006,G,East,E07000071,22UG,Colchester,,,1791,1413,1156,1738,1721,1178,616,408
E92000001,921,England,E12000006,G,East,E07000072,22UH,Epping Forest,,,1253,1063,851,1207,1187,870,457,310
E92000001,921,England,E12000006,G,East,E07000073,22UJ,Harlow,,,963,759,507,904,870,510,235,134
E92000001,921,England,E12000006,G,East,E07000074,22UK,Maldon,,,762,587,434,727,716,440,249,136
E92000001,921,England,E12000006,G,East,E07000075,22UL,Rochford,,,1088,872,677,1038,1027,686,362,228
E92000001,921,England,E12000006,G,East,E07000076,22UN,Tendring,,,1520,1298,915,1437,1416,923,215,148
E92000001,921,England,E12000006,G,East,E07000077,22UQ,Uttlesford,,,889,699,587,853,842,596,392,261
E92000001,921,England,E12000006,G,East,E07000095,26UB,Broxbourne,,,1152,1018,685,1121,1099,691,410,255
E92000001,921,England,E12000006,G,East,E07000096,26UC,Dacorum,,,1628,1289,987,1566,1551,1000,857,511
E92000001,921,England,E12000006,G,East,E07000097,26UD,East Hertfordshire,,,1554,1333,1115,1522,1513,1129,896,633
E92000001,921,England,E12000006,G,East,E07000098,26UE,Hertsmere,,,1068,876,684,1025,1008,690,462,324
E92000001,921,England,E12000006,G,East,E07000099,26UF,North Hertfordshire,,,1397,1125,929,1346,1341,943,739,443
E92000001,921,England,E12000006,G,East,E07000240,26UG,St Albans,,,1503,1298,1171,1475,1462,1188,1062,748
E92000001,921,England,E12000006,G,East,E07000101,26UH,Stevenage,,,997,780,488,944,925,496,298,147
E92000001,921,England,E12000006,G,East,E07000102,26UJ,Three Rivers,,,956,808,659,928,912,668,395,260
E92000001,921,England,E12000006,G,East,E07000103,26UK,Watford,,,988,856,673,956,937,674,389,254
E92000001,921,England,E12000006,G,East,E07000241,26UL,Welwyn Hatfield,,,1057,898,675,1023,1010,680,418,287
E92000001,921,England,E12000006,G,East,E07000143,33UB,Breckland,,,1409,982,718,1349,1326,729,401,217
E92000001,921,England,E12000006,G,East,E07000144,33UC,Broadland,,,1363,1064,848,1328,1297,860,436,282
E92000001,921,England,E12000006,G,East,E07000145,33UD,Great Yarmouth,,,1180,824,558,1110,1075,565,382,180
E92000001,921,England,E12000006,G,East,E07000146,33UE,Kings Lynn and West Norfolk,,,1515,1036,808,1444,1417,836,270,167
E92000001,921,England,E12000006,G,East,E07000147,33UF,North Norfolk,,,951,677,538,911,901,549,420,250
E92000001,921,England,E12000006,G,East,E07000148,33UG,Norwich,,,1073,705,483,1014,964,500,230,163
E92000001,921,England,E12000006,G,East,E07000149,33UH,South Norfolk,,,1408,1070,884,1370,1351,899,688,374
E92000001,921,England,E12000006,G,East,E07000200,42UB,Babergh,,,970,665,522,924,913,534,323,198
E92000001,921,England,E12000006,G,East,E07000201,42UC,Forest Heath,,,469,357,229,445,436,235,181,75
E92000001,921,England,E12000006,G,East,E07000202,42UD,Ipswich,,,1454,932,709,1379,1348,729,498,252
E92000001,921,England,E12000006,G,East,E07000203,42UE,Mid Suffolk,,,1078,800,666,1046,1031,691,395,263
E92000001,921,England,E12000006,G,East,E07000204,42UF,St Edmundsbury,,,1206,974,728,1167,1159,740,485,335
E92000001,921,England,E12000006,G,East,E07000205,42UG,Suffolk Coastal,,,1312,1007,798,1266,1252,803,465,323
E92000001,921,England,E12000006,G,East,E07000206,42UH,Waveney,,,1320,1015,623,1250,1221,631,265,141
E92000001,921,England,E12000007,H,London,E09000007,00AG,Camden,,,1219,933,740,1162,1148,761,465,308
E92000001,921,England,E12000007,H,London,E09000001,00AA,City of London,,,22,22,18,22,22,18,8,6
E92000001,921,England,E12000007,H,London,E09000012,00AM,Hackney,,,2097,1689,1321,2007,1967,1349,913,624
E92000001,921,England,E12000007,H,London,E09000013,00AN,Hammersmith and Fulham,,,974,788,576,938,925,581,379,248
E92000001,921,England,E12000007,H,London,E09000014,00AP,Haringey,,,2326,1934,1459,2217,2189,1479,849,571
E92000001,921,England,E12000007,H,London,E09000019,00AU,Islington,,,1411,1135,888,1358,1344,904,595,384
E92000001,921,England,E12000007,H,London,E09000020,00AW,Kensington and Chelsea,,,555,491,404,533,524,406,257,190
E92000001,921,England,E12000007,H,London,E09000022,00AY,Lambeth,,,2289,1971,1469,2198,2163,1501,991,590
E92000001,921,England,E12000007,H,London,E09000023,00AZ,Lewisham,,,2771,2276,1700,2633,2574,1726,950,633
E92000001,921,England,E12000007,H,London,E09000025,00BB,Newham,,,3449,2742,2039,3332,3267,2066,1246,804
E92000001,921,England,E12000007,H,London,E09000028,00BE,Southwark,,,2378,2034,1575,2283,2258,1609,972,578
E92000001,921,England,E12000007,H,London,E09000030,00BG,Tower Hamlets,,,2329,1986,1498,2268,2203,1504,902,560
E92000001,921,England,E12000007,H,London,E09000032,00BJ,Wandsworth,,,1723,1462,1082,1653,1645,1101,870,546
E92000001,921,England,E12000007,H,London,E09000033,00BK,Westminster,,,1117,964,768,1090,1078,781,504,335
E92000001,921,England,E12000007,H,London,E09000002,00AB,Barking and Dagenham,,,2482,2034,1504,2349,2299,1523,616,376
E92000001,921,England,E12000007,H,London,E09000003,00AC,Barnet,,,3298,2863,2384,3192,3140,2396,1693,1327
E92000001,921,England,E12000007,H,London,E09000004,00AD,Bexley,,,2836,2523,1860,2750,2706,1869,1067,785
E92000001,921,England,E12000007,H,London,E09000005,00AE,Brent,,,3031,2468,1889,2917,2866,1917,1430,945
E92000001,921,England,E12000007,H,London,E09000006,00AF,Bromley,,,3254,3014,2454,3177,3142,2474,1556,1120
E92000001,921,England,E12000007,H,London,E09000008,00AH,Croydon,,,4008,3432,2613,3856,3792,2645,1714,1037
E92000001,921,England,E12000007,H,London,E09000009,00AJ,Ealing,,,3177,2621,2032,3080,3024,2059,1563,1035
E92000001,921,England,E12000007,H,London,E09000010,00AK,Enfield,,,3825,3160,2422,3679,3605,2471,1740,1098
E92000001,921,England,E12000007,H,London,E09000011,00AL,Greenwich,,,2509,2224,1635,2431,2393,1649,963,642
E92000001,921,England,E12000007,H,London,E09000015,00AQ,Harrow,,,2540,2160,1781,2474,2451,1804,1366,931
E92000001,921,England,E12000007,H,London,E09000016,00AR,Havering,,,2860,2304,1834,2782,2752,1879,1219,697
E92000001,921,England,E12000007,H,London,E09000017,00AS,Hillingdon,,,3115,2699,1967,3007,2968,1981,1141,780
E92000001,921,England,E12000007,H,London,E09000018,00AT,Hounslow,,,2619,2213,1652,2526,2493,1668,1315,827
E92000001,921,England,E12000007,H,London,E09000021,00AX,Kingston upon Thames,,,1393,1211,972,1339,1327,979,745,534
E92000001,921,England,E12000007,H,London,E09000024,00BA,Merton,,,1766,1532,1186,1693,1654,1198,872,623
E92000001,921,England,E12000007,H,London,E09000026,00BC,Redbridge,,,3355,2907,2349,3246,3191,2363,1442,1116
E92000001,921,England,E12000007,H,London,E09000027,00BD,Richmond upon Thames,,,1146,1005,866,1108,1098,869,733,581
E92000001,921,England,E12000007,H,London,E09000029,00BF,Sutton,,,2222,1996,1605,2159,2142,1616,969,760
E92000001,921,England,E12000007,H,London,E09000031,00BH,Waltham Forest,,,2741,2183,1631,2674,2627,1659,887,573
E92000001,921,England,E12000008,J,South East,E06000036,00MA,Bracknell Forest UA,,,1189,1064,660,1154,1035,666,351,254
E92000001,921,England,E12000008,J,South East,E06000043,00ML,Brighton and Hove UA,,,2193,1733,1371,2074,2042,1404,760,533
E92000001,921,England,E12000008,J,South East,E06000046,00MW,Isle of Wight UA,,,1475,1012,717,1355,1338,745,315,149
E92000001,921,England,E12000008,J,South East,E06000035,00LC,Medway UA,,,3232,2844,1923,3079,3017,1933,927,552
E92000001,921,England,E12000008,J,South East,E06000042,00MG,Milton Keynes UA,,,2906,2578,1811,2811,2775,1823,876,515
E92000001,921,England,E12000008,J,South East,E06000044,00MR,Portsmouth UA,,,1930,1276,939,1765,1730,957,639,351
E92000001,921,England,E12000008,J,South East,E06000038,00MC,Reading UA,,,1471,1226,842,1414,1376,852,417,305
E92000001,921,England,E12000008,J,South East,E06000039,00MD,Slough UA,,,1685,1507,1068,1641,1622,1075,361,281
E92000001,921,England,E12000008,J,South East,E06000045,00MS,Southampton UA,,,2197,1792,1263,2086,2039,1281,682,375
E92000001,921,England,E12000008,J,South East,E06000037,00MB,West Berkshire UA,,,1684,1293,1050,1632,1606,1065,789,505
E92000001,921,England,E12000008,J,South East,E06000040,00ME,Windsor and Maidenhead UA,,,1368,1221,1003,1333,1321,1014,689,511
E92000001,921,England,E12000008,J,South East,E06000041,00MF,Wokingham UA,,,1665,1467,1247,1623,1614,1266,667,547
E92000001,921,England,E12000008,J,South East,E07000004,11UB,Aylesbury Vale,,,1992,1648,1304,1917,1896,1320,726,562
E92000001,921,England,E12000008,J,South East,E07000005,11UC,Chiltern,,,1061,941,810,1037,1031,816,419,345
E92000001,921,England,E12000008,J,South East,E07000006,11UE,South Bucks,,,685,571,520,669,665,528,342,276
E92000001,921,England,E12000008,J,South East,E07000007,11UF,Wycombe,,,1850,1537,1279,1793,1779,1298,763,626
E92000001,921,England,E12000008,J,South East,E07000061,21UC,Eastbourne,,,1026,891,605,979,952,607,243,166
E92000001,921,England,E12000008,J,South East,E07000062,21UD,Hastings,,,1046,849,516,983,951,526,187,125
E92000001,921,England,E12000008,J,South East,E07000063,21UF,Lewes,,,1001,809,627,967,956,631,329,216
E92000001,921,England,E12000008,J,South East,E07000064,21UG,Rother,,,929,730,567,888,867,584,295,199
E92000001,921,England,E12000008,J,South East,E07000065,21UH,Wealden,,,1491,1296,1041,1426,1411,1048,571,395
E92000001,921,England,E12000008,J,South East,E07000084,24UB,Basingstoke and Deane,,,1847,1417,1031,1761,1733,1042,619,408
E92000001,921,England,E12000008,J,South East,E07000085,24UC,East Hampshire,,,1209,1057,783,1171,1155,786,494,342
E92000001,921,England,E12000008,J,South East,E07000086,24UD,Eastleigh,,,1423,1172,908,1368,1363,916,479,367
E92000001,921,England,E12000008,J,South East,E07000087,24UE,Fareham,,,1175,945,775,1141,1134,789,509,312
E92000001,921,England,E12000008,J,South East,E07000088,24UF,Gosport,,,878,687,438,842,825,445,183,107
E92000001,921,England,E12000008,J,South East,E07000089,24UG,Hart,,,966,829,703,948,941,708,538,396
E92000001,921,England,E12000008,J,South East,E07000090,24UH,Havant,,,1314,1000,636,1246,1233,648,295,182
E92000001,921,England,E12000008,J,South East,E07000091,24UJ,New Forest,,,1752,1313,1034,1672,1641,1056,721,425
E92000001,921,England,E12000008,J,South East,E07000092,24UL,Rushmoor,,,983,712,491,938,920,495,373,196
E92000001,921,England,E12000008,J,South East,E07000093,24UN,Test Valley,,,1272,993,801,1219,1203,816,491,369
E92000001,921,England,E12000008,J,South East,E07000094,24UP,Winchester,,,1139,939,797,1114,1106,807,535,407
E92000001,921,England,E12000008,J,South East,E07000105,29UB,Ashford,,,1428,1212,839,1375,1345,843,526,349
E92000001,921,England,E12000008,J,South East,E07000106,29UC,Canterbury,,,1497,1264,896,1427,1407,906,592,344
E92000001,921,England,E12000008,J,South East,E07000107,29UD,Dartford,,,1124,995,767,1086,1076,772,475,289
E92000001,921,England,E12000008,J,South East,E07000108,29UE,Dover,,,1285,1037,684,1214,1185,696,373,263
E92000001,921,England,E12000008,J,South East,E07000109,29UG,Gravesham,,,1258,1106,813,1210,1194,816,420,279
E92000001,921,England,E12000008,J,South East,E07000110,29UH,Maidstone,,,1622,1475,1093,1573,1556,1094,698,481
E92000001,921,England,E12000008,J,South East,E07000111,29UK,Sevenoaks,,,1069,948,744,1042,1029,749,478,320
E92000001,921,England,E12000008,J,South East,E07000112,29UL,Shepway,,,1225,1090,734,1161,1133,738,312,210
E92000001,921,England,E12000008,J,South East,E07000113,29UM,Swale,,,1691,1453,978,1626,1597,985,585,357
E92000001,921,England,E12000008,J,South East,E07000114,29UN,Thanet,,,1671,1322,952,1580,1535,973,596,311
E92000001,921,England,E12000008,J,South East,E07000115,29UP,Tonbridge and Malling,,,1436,1283,992,1386,1366,1000,523,375
E92000001,921,England,E12000008,J,South East,E07000116,29UQ,Tunbridge Wells,,,1179,1017,848,1133,1116,861,600,471
E92000001,921,England,E12000008,J,South East,E07000177,38UB,Cherwell,,,1464,1152,842,1400,1374,852,426,263
E92000001,921,England,E12000008,J,South East,E07000178,38UC,Oxford,,,1069,804,597,1013,990,603,360,280
E92000001,921,England,E12000008,J,South East,E07000179,38UD,South Oxfordshire,,,1290,942,799,1233,1219,820,521,364
E92000001,921,England,E12000008,J,South East,E07000180,38UE,Vale of White Horse,,,1173,957,776,1139,1124,789,409,288
E92000001,921,England,E12000008,J,South East,E07000181,38UF,West Oxfordshire,,,1114,855,710,1074,1062,719,422,298
E92000001,921,England,E12000008,J,South East,E07000207,43UB,Elmbridge,,,909,789,654,880,876,663,569,380
E92000001,921,England,E12000008,J,South East,E07000208,43UC,Epsom and Ewell,,,817,722,606,789,785,609,430,302
E92000001,921,England,E12000008,J,South East,E07000209,43UD,Guildford,,,1122,934,767,1066,1053,783,462,342
E92000001,921,England,E12000008,J,South East,E07000210,43UE,Mole Valley,,,838,719,604,813,806,614,471,330
E92000001,921,England,E12000008,J,South East,E07000211,43UF,Reigate and Banstead,,,1293,1043,834,1237,1231,850,492,318
E92000001,921,England,E12000008,J,South East,E07000212,43UG,Runnymede,,,700,624,492,676,664,497,303,186
E92000001,921,England,E12000008,J,South East,E07000213,43UH,Spelthorne,,,894,721,538,856,845,553,390,208
E92000001,921,England,E12000008,J,South East,E07000214,43UJ,Surrey Heath,,,920,758,621,887,883,632,424,300
E92000001,921,England,E12000008,J,South East,E07000215,43UK,Tandridge,,,803,654,536,770,760,547,285,198
E92000001,921,England,E12000008,J,South East,E07000216,43UL,Waverley,,,995,835,701,961,953,710,471,347
E92000001,921,England,E12000008,J,South East,E07000217,43UM,Woking,,,910,793,642,875,862,651,429,291
E92000001,921,England,E12000008,J,South East,E07000223,45UB,Adur,,,622,501,326,580,575,328,113,77
E92000001,921,England,E12000008,J,South East,E07000224,45UC,Arun,,,1504,1106,777,1404,1378,792,297,202
E92000001,921,England,E12000008,J,South East,E07000225,45UD,Chichester,,,1037,867,676,992,989,688,284,201
E92000001,921,England,E12000008,J,South East,E07000226,45UE,Crawley,,,1260,944,632,1184,1168,651,363,203
E92000001,921,England,E12000008,J,South East,E07000227,45UF,Horsham,,,1316,1170,977,1291,1281,980,560,415
E92000001,921,England,E12000008,J,South East,E07000228,45UG,Mid Sussex,,,1379,1074,894,1334,1325,901,695,452
E92000001,921,England,E12000008,J,South East,E07000229,45UH,Worthing,,,1088,830,625,1038,1021,631,252,159
E92000001,921,England,E12000009,K,South West,E06000022,00HA,Bath and North East Somerset UA,,,1703,1402,1073,1629,1613,1080,771,534
E92000001,921,England,E12000009,K,South West,E06000028,00HN,Bournemouth UA,,,1586,1338,967,1522,1487,986,519,321
E92000001,921,England,E12000009,K,South West,E06000023,00HB,"Bristol, City of UA",,,3800,3041,1960,3534,3445,1977,974,609
E92000001,921,England,E12000009,K,South West,E06000052,00HE,Cornwall UA,,,5855,4579,3523,5685,5588,3604,2250,1300
E92000001,921,England,E12000009,K,South West,E06000053,00HF,Isles of Scilly UA,,,21,18,17,21,x,17,9,7
E92000001,921,England,E12000009,K,South West,E06000024,00HC,North Somerset UA,,,2176,1687,1296,2091,2060,1313,702,448
E92000001,921,England,E12000009,K,South West,E06000026,00HG,Plymouth UA,,,2701,2306,1588,2596,2558,1606,904,551
E92000001,921,England,E12000009,K,South West,E06000029,00HP,Poole UA,,,1540,1237,920,1466,1455,939,555,376
E92000001,921,England,E12000009,K,South West,E06000025,00HD,South Gloucestershire UA,,,3134,2558,1874,3002,2956,1900,1159,700
E92000001,921,England,E12000009,K,South West,E06000030,00HX,Swindon UA,,,2445,1859,1397,2334,2292,1429,756,432
E92000001,921,England,E12000009,K,South West,E06000027,00HH,Torbay UA,,,1403,1114,801,1354,1325,812,433,284
E92000001,921,England,E12000009,K,South West,E06000054,00HY,Wiltshire UA,,,5301,4224,3244,5095,4929,3285,1706,1161
E92000001,921,England,E12000009,K,South West,E07000040,18UB,East Devon,,,1405,1054,827,1347,1334,839,561,377
E92000001,921,England,E12000009,K,South West,E07000041,18UC,Exeter,,,1047,872,638,1017,997,647,510,238
E92000001,921,England,E12000009,K,South West,E07000042,18UD,Mid Devon,,,851,643,556,825,819,568,330,218
E92000001,921,England,E12000009,K,South West,E07000043,18UE,North Devon,,,1042,715,575,984,975,585,385,224
E92000001,921,England,E12000009,K,South West,E07000044,18UG,South Hams,,,973,848,673,940,924,678,472,323
E92000001,921,England,E12000009,K,South West,E07000045,18UH,Teignbridge,,,1407,1171,868,1368,1349,882,557,345
E92000001,921,England,E12000009,K,South West,E07000046,18UK,Torridge,,,675,475,338,641,628,349,200,137
E92000001,921,England,E12000009,K,South West,E07000047,18UL,West Devon,,,548,464,355,535,524,357,333,201
E92000001,921,England,E12000009,K,South West,E07000048,19UC,Christchurch,,,462,370,291,446,445,300,192,125
E92000001,921,England,E12000009,K,South West,E07000049,19UD,East Dorset,,,899,671,546,883,866,557,297,210
E92000001,921,England,E12000009,K,South West,E07000050,19UE,North Dorset,,,689,522,414,675,668,422,270,166
E92000001,921,England,E12000009,K,South West,E07000051,19UG,Purbeck,,,489,339,282,480,469,286,240,147
E92000001,921,England,E12000009,K,South West,E07000052,19UH,West Dorset,,,1056,850,673,1025,1011,676,582,350
E92000001,921,England,E12000009,K,South West,E07000053,19UJ,Weymouth and Portland,,,712,530,379,676,661,388,253,114
E92000001,921,England,E12000009,K,South West,E07000078,23UB,Cheltenham,,,1067,907,687,1024,961,694,392,305
E92000001,921,England,E12000009,K,South West,E07000079,23UC,Cotswold,,,879,726,584,849,831,592,363,277
E92000001,921,England,E12000009,K,South West,E07000080,23UD,Forest of Dean,,,944,710,518,905,885,528,258,143
E92000001,921,England,E12000009,K,South West,E07000081,23UE,Gloucester,,,1435,1161,781,1366,1312,789,454,303
E92000001,921,England,E12000009,K,South West,E07000082,23UF,Stroud,,,1230,1067,838,1202,1179,845,482,378
E92000001,921,England,E12000009,K,South West,E07000083,23UG,Tewkesbury,,,870,733,511,838,804,518,295,224
E92000001,921,England,E12000009,K,South West,E07000187,40UB,Mendip,,,1184,903,721,1138,1122,725,454,282
E92000001,921,England,E12000009,K,South West,E07000188,40UC,Sedgemoor,,,1357,1104,793,1309,1299,806,442,288
E92000001,921,England,E12000009,K,South West,E07000189,40UD,South Somerset,,,1777,1403,1030,1723,1680,1039,663,380
E92000001,921,England,E12000009,K,South West,E07000190,40UE,Taunton Deane,,,1117,905,667,1078,1063,674,397,258
E92000001,921,England,E12000009,K,South West,E07000191,40UF,West Somerset,,,327,260,159,314,x,163,74,43
